seq,start_tc,end_tc,duration_sec,dialogue,filename,frame_tc,score,sharpness,motion_penalty,face_count,eye_state,mouth_natural,speaking_state,composition_score,timing_score,shot_group,frame_type,degraded
1,00:00:04.300,00:00:09.567,5.267,(南润寿) / (李秀敬 吴贤庆),S01E08_0001_00-00-05.880.jpg,00-00-05.880,,,,,,,,,,,,
2,00:00:11.400,00:00:13.700,2.3,(权赫 罗贤宇),S01E08_0002_00-00-12.386.jpg,00-00-12.386,,,,,,,,,,,,
3,00:00:14.033,00:00:16.667,2.634,(陈浩恩 金元中),S01E08_0003_00-00-15.350.jpg,00-00-15.350,,,,,,,,,,,,
4,00:00:17.567,00:00:20.867,3.3,(郑灿英 到流 李贤昭),S01E08_0004_00-00-18.557.jpg,00-00-18.557,,,,,,,,,,,,
0004a,00:00:20.867,00:00:41.233,20.366,句间无台词空窗（前接第 4 句「(郑灿英 到流 李贤昭)」，后接第 5 句「(大都市的爱情法)」）,,00-00-23.224,0.5539,1031.8,0.3245,0,,,,0.0,0.1053,0,剧情延续帧,no
0004b,00:00:20.867,00:00:41.233,20.366,句间无台词空窗（前接第 4 句「(郑灿英 到流 李贤昭)」，后接第 5 句「(大都市的爱情法)」）,S01E08_0004b_00-00-33.007.jpg,00-00-33.007,0.3609,796.3,0.3455,0,,,,0.0,0.7368,1,剧情延续帧,no
5,00:00:41.233,00:00:45.100,3.867,(大都市的爱情法),S01E08_0005_00-00-43.166.jpg,00-00-43.166,,,,,,,,,,,,
6,00:00:49.433,00:00:53.733,4.3,(第8集 迟来的雨季假期),S01E08_0006_00-00-51.583.jpg,00-00-51.583,,,,,,,,,,,,
0006a,00:00:53.733,00:01:53.367,59.634,句间无台词空窗（前接第 6 句「(第8集 迟来的雨季假期)」，后接第 7 句「(大韩民国护照)」）,S01E08_0006a_00-00-54.133.jpg,00-00-54.133,0.0157,419.0,0.6068,0,,,,0.0,0.0,0,剧情延续帧,no
0006b,00:00:53.733,00:01:53.367,59.634,句间无台词空窗（前接第 6 句「(第8集 迟来的雨季假期)」，后接第 7 句「(大韩民国护照)」）,S01E08_0006b_00-00-56.094.jpg,00-00-56.094,-0.049,382.5,0.6444,0,,,,0.0,0.0345,1,剧情延续帧,no
0006c,00:00:53.733,00:01:53.367,59.634,句间无台词空窗（前接第 6 句「(第8集 迟来的雨季假期)」，后接第 7 句「(大韩民国护照)」）,S01E08_0006c_00-00-58.055.jpg,00-00-58.055,0.013,437.7,0.6389,0,,,,0.0,0.069,2,剧情延续帧,no
7,00:01:53.367,00:01:58.367,5.0,(大韩民国护照) / (高煐),S01E08_0007_00-01-57.867.jpg,00-01-57.867,,,,,,,,,,,,
8,00:02:02.367,00:02:05.367,3.0,高先生 好久不见 / 很高兴再次见到您,S01E08_0008_00-02-03.367.jpg,00-02-03.367,,,,,,,,,,,,
9,00:02:06.900,00:02:09.767,2.867,你还记得我吗 / 当然 高先生,S01E08_0009_00-02-07.537.jpg,00-02-07.537,,,,,,,,,,,,
10,00:02:13.467,00:02:17.833,4.366,您的同行友人将房卡寄放在这里 / 房号是3300,S01E08_0010_00-02-15.650.jpg,00-02-15.650,,,,,,,,,,,,
11,00:02:18.733,00:02:20.733,2.0,谢谢,S01E08_0011_00-02-19.400.jpg,00-02-19.400,,,,,,,,,,,,
0011a,00:02:20.733,00:02:45.733,25.0,句间无台词空窗（前接第 11 句「谢谢」，后接第 12 句「(我们饭店重新整修后」）,S01E08_0011a_00-02-21.133.jpg,00-02-21.133,0.4405,162.2,0.2396,0,,,,0.0,0.0,0,剧情延续帧,no
0011b,00:02:20.733,00:02:45.733,25.0,句间无台词空窗（前接第 11 句「谢谢」，后接第 12 句「(我们饭店重新整修后」）,S01E08_0011b_00-02-29.200.jpg,00-02-29.200,0.247,146.9,0.4338,0,,,,0.0,0.6957,1,剧情延续帧,no
0011c,00:02:20.733,00:02:45.733,25.0,句间无台词空窗（前接第 11 句「谢谢」，后接第 12 句「(我们饭店重新整修后」）,S01E08_0011c_00-02-35.250.jpg,00-02-35.250,0.2445,173.8,0.5819,0,,,,0.0,0.7826,2,剧情延续帧,no
12,00:02:45.733,00:02:48.667,2.934,(我们饭店重新整修后 / 两位是第一对莅临的新婚夫妻) / (祝两位度过特别的蜜月旅行),S01E08_0012_00-02-47.037.jpg,00-02-47.037,,,,,,,,,,,,
13,00:02:49.333,00:02:52.467,3.134,我附注蜜月旅行 / 饭店居然送了香槟,S01E08_0013_00-02-50.726.jpg,00-02-50.726,,,,,,,,,,,,
14,00:02:54.867,00:02:56.700,1.833,终于得救了,S01E08_0014_00-02-56.333.jpg,00-02-56.333,,,,,,,,,,,,
15,00:02:58.067,00:03:02.700,4.633,喂 洗完澡再躺啦 / 一下就好,S01E08_0015_00-02-58.994.jpg,00-02-58.994,,,,,,,,,,,,
16,00:03:03.467,00:03:05.867,2.4,我只躺在被子上,S01E08_0016_00-03-05.524.jpg,00-03-05.524,,,,,,,,,,,,
17,00:03:09.567,00:03:13.600,4.033,你也过来 / 我们一起躺一下吧,S01E08_0017_00-03-09.970.jpg,00-03-09.970,,,,,,,,,,,,
0017a,00:03:13.600,00:03:28.433,14.833,句间无台词空窗（前接第 17 句「你也过来」，后接第 18 句「谁叫你喝那么多酒」）,S01E08_0017a_00-03-16.005.jpg,00-03-16.005,0.8496,182.6,1.0,1,closed,,,0.582,0.3077,0,剧情延续帧,no
0017b,00:03:13.600,00:03:28.433,14.833,句间无台词空窗（前接第 17 句「你也过来」，后接第 18 句「谁叫你喝那么多酒」）,S01E08_0017b_00-03-23.021.jpg,00-03-23.021,1.3695,44.4,0.3874,1,closed,,,0.8334,0.6154,1,剧情延续帧,no
0017c,00:03:13.600,00:03:28.433,14.833,句间无台词空窗（前接第 17 句「你也过来」，后接第 18 句「谁叫你喝那么多酒」）,S01E08_0017c_00-03-25.026.jpg,00-03-25.026,0.0734,54.9,0.2168,0,,,,0.0,0.3077,2,剧情延续帧,no
18,00:03:28.433,00:03:33.633,5.2,谁叫你喝那么多酒 / 这样你晚上还能去游泳吗,S01E08_0018_00-03-30.513.jpg,00-03-30.513,,,,,,,,,,,,
19,00:03:33.633,00:03:38.500,4.867,因为那些酒免费啊 / 机票多贵啊 当然要喝回本,S01E08_0019_00-03-36.553.jpg,00-03-36.553,,,,,,,,,,,,
20,00:03:40.867,00:03:43.033,2.166,去把窗帘拉上,S01E08_0020_00-03-42.311.jpg,00-03-42.311,,,,,,,,,,,,
21,00:03:44.667,00:03:49.000,4.333,笨蛋 / 高级饭店的窗帘不用自己拉,S01E08_0021_00-03-46.400.jpg,00-03-46.400,,,,,,,,,,,,
22,00:03:49.667,00:03:50.967,1.3,那不然呢,S01E08_0022_00-03-50.447.jpg,00-03-50.447,,,,,,,,,,,,
23,00:03:55.467,00:03:57.567,2.1,太赞了 好酷,S01E08_0023_00-03-56.167.jpg,00-03-56.167,,,,,,,,,,,,
0023a,00:03:57.567,00:04:07.733,10.166,句间无台词空窗（前接第 23 句「太赞了 好酷」，后接第 24 句「怎么了」）,S01E08_0023a_00-04-06.292.jpg,00-04-06.292,0.7927,109.2,0.2961,0,,,,0.0,0.0,0,剧情延续帧,no
24,00:04:07.733,00:04:08.867,1.134,怎么了,S01E08_0024_00-04-08.187.jpg,00-04-08.187,,,,,,,,,,,,
25,00:04:09.733,00:04:11.800,2.067,这怪怪的 好像故障了,S01E08_0025_00-04-10.767.jpg,00-04-10.767,,,,,,,,,,,,
26,00:04:13.533,00:04:16.833,3.3,我们就直接睡吧 / 这样要怎么睡,S01E08_0026_00-04-15.513.jpg,00-04-15.513,,,,,,,,,,,,
0026a,00:04:16.833,00:04:26.533,9.7,句间无台词空窗（前接第 26 句「我们就直接睡吧」，后接第 27 句「圭浩」）,S01E08_0026a_00-04-24.155.jpg,00-04-24.155,0.8033,188.9,0.2562,0,,,,0.0,0.25,0,剧情延续帧,no
27,00:04:26.533,00:04:29.500,2.967,圭浩 / 这里有个不得了的东西,S01E08_0027_00-04-27.852.jpg,00-04-27.852,,,,,,,,,,,,
28,00:04:30.833,00:04:32.233,1.4,什么东西,S01E08_0028_00-04-31.673.jpg,00-04-31.673,,,,,,,,,,,,
29,00:04:34.500,00:04:37.667,3.167,水晶鸡鸡 / 什么,S01E08_0029_00-04-35.133.jpg,00-04-35.133,,,,,,,,,,,,
0029a,00:04:37.667,00:04:49.533,11.866,句间无台词空窗（前接第 29 句「水晶鸡鸡」，后接第 30 句「好大 好惊人哦」）,S01E08_0029a_00-04-38.067.jpg,00-04-38.067,1.8023,22.4,0.1443,1,half,,,0.9388,0.0,0,剧情延续帧,no
0029b,00:04:37.667,00:04:49.533,11.866,句间无台词空窗（前接第 29 句「水晶鸡鸡」，后接第 30 句「好大 好惊人哦」）,S01E08_0029b_00-04-41.085.jpg,00-04-41.085,0.3,57.9,1.0,0,,,,0.0,0.6,1,剧情延续帧,no
0029c,00:04:37.667,00:04:49.533,11.866,句间无台词空窗（前接第 29 句「水晶鸡鸡」，后接第 30 句「好大 好惊人哦」）,S01E08_0029c_00-04-46.115.jpg,00-04-46.115,1.161,24.7,0.3963,1,half,,,0.6844,0.4,2,剧情延续帧,no
30,00:04:49.533,00:04:51.333,1.8,好大 好惊人哦,S01E08_0030_00-04-49.893.jpg,00-04-49.893,,,,,,,,,,,,
0030a,00:04:51.333,00:05:04.867,13.534,句间无台词空窗（前接第 30 句「好大 好惊人哦」，后接第 31 句「你好」）,S01E08_0030a_00-04-51.733.jpg,00-04-51.733,1.6405,27.7,0.08,1,half,,,0.8419,0.0,0,剧情延续帧,no
0030b,00:04:51.333,00:05:04.867,13.534,句间无台词空窗（前接第 30 句「好大 好惊人哦」，后接第 31 句「你好」）,S01E08_0030b_00-05-03.487.jpg,00-05-03.487,0.8357,118.5,0.2347,0,,,,0.0,0.0,1,剧情延续帧,no
31,00:05:04.867,00:05:05.833,0.966,你好,S01E08_0031_00-05-05.253.jpg,00-05-05.253,,,,,,,,,,,,
32,00:05:08.233,00:05:11.667,3.434,我们房间的电动窗帘没办法完全拉上,S01E08_0032_00-05-09.950.jpg,00-05-09.950,,,,,,,,,,,,
33,00:05:14.000,00:05:19.700,5.7,不好意思造成两位的不便 / 为了表示歉意 我们替两位升级了房间,S01E08_0033_00-05-15.710.jpg,00-05-15.710,,,,,,,,,,,,
34,00:05:20.867,00:05:24.400,3.533,这是我们饭店最高级的 / 特大观景国王房,S01E08_0034_00-05-22.634.jpg,00-05-22.634,,,,,,,,,,,,
35,00:05:24.900,00:05:27.133,2.233,谢谢你 / 不客气 祝两位住得舒适,S01E08_0035_00-05-26.176.jpg,00-05-26.176,,,,,,,,,,,,
36,00:05:27.133,00:05:29.567,2.434,-谢谢 / -谢谢,S01E08_0036_00-05-28.176.jpg,00-05-28.176,,,,,,,,,,,,
0036a,00:05:29.567,00:05:45.733,16.166,句间无台词空窗（前接第 36 句「-谢谢」，后接第 37 句「吓我一跳」）,S01E08_0036a_00-05-39.187.jpg,00-05-39.187,0.5455,124.9,0.1328,0,,,,0.0,0.7143,0,剧情延续帧,no
37,00:05:45.733,00:05:47.667,1.934,吓我一跳,S01E08_0037_00-05-46.378.jpg,00-05-46.378,,,,,,,,,,,,
38,00:05:49.800,00:05:54.833,5.033,刚刚那个人说什么啊 / 她说很抱歉 / 替我们升级成特大观景国王房,S01E08_0038_00-05-52.317.jpg,00-05-52.317,,,,,,,,,,,,
39,00:05:54.833,00:05:58.833,4.0,好像游戏大魔王的名字哦 / 对啊 / 有巧克力…,S01E08_0039_00-05-57.633.jpg,00-05-57.633,,,,,,,,,,,,
40,00:05:58.833,00:06:02.900,4.067,喂 那要另外付钱 / -真…真的吗 / -骗你的啦,S01E08_0040_00-06-00.460.jpg,00-06-00.460,,,,,,,,,,,,
41,00:06:02.900,00:06:04.200,1.3,可恶,S01E08_0041_00-06-02.900.jpg,00-06-02.900,,,,,,,,,,,,
42,00:06:05.933,00:06:07.233,1.3,有市景耶,S01E08_0042_00-06-06.193.jpg,00-06-06.193,,,,,,,,,,,,
0042a,00:06:07.233,00:06:17.800,10.567,句间无台词空窗（前接第 42 句「有市景耶」，后接第 43 句「这里看不到水晶鸡鸡」）,S01E08_0042a_00-06-15.447.jpg,00-06-15.447,0.3929,398.1,0.5568,0,,,,0.0,0.1111,0,剧情延续帧,no
43,00:06:17.800,00:06:19.967,2.167,这里看不到水晶鸡鸡,S01E08_0043_00-06-19.348.jpg,00-06-19.348,,,,,,,,,,,,
44,00:06:20.733,00:06:24.033,3.3,对耶 从这里看不到,S01E08_0044_00-06-22.053.jpg,00-06-22.053,,,,,,,,,,,,
45,00:06:25.000,00:06:28.067,3.067,我刚刚应该出去看的 / 好可惜,S01E08_0045_00-06-26.022.jpg,00-06-26.022,,,,,,,,,,,,
0045a,00:06:28.067,00:07:17.933,49.866,句间无台词空窗（前接第 45 句「我刚刚应该出去看的」，后接第 46 句「(我到晚上都有会要开」）,S01E08_0045a_00-06-31.738.jpg,00-06-31.738,0.691,362.9,0.0775,0,,,,0.0,0.069,0,剧情延续帧,no
0045b,00:06:28.067,00:07:17.933,49.866,句间无台词空窗（前接第 45 句「我刚刚应该出去看的」，后接第 46 句「(我到晚上都有会要开」）,S01E08_0045b_00-06-54.636.jpg,00-06-54.636,0.2801,436.9,0.8814,0,,,,0.0,0.8966,1,剧情延续帧,no
0045c,00:06:28.067,00:07:17.933,49.866,句间无台词空窗（前接第 45 句「我刚刚应该出去看的」，后接第 46 句「(我到晚上都有会要开」）,S01E08_0045c_00-06-56.271.jpg,00-06-56.271,-0.0715,306.1,1.0,0,,,,0.0,0.8276,2,剧情延续帧,no
46,00:07:17.933,00:07:21.933,4.0,(我到晚上都有会要开 / 你自己吃饭观光吧),S01E08_0046_00-07-20.333.jpg,00-07-20.333,,,,,,,,,,,,
47,00:07:21.933,00:07:25.633,3.7,(我看看状况再和你联络 哈比比),S01E08_0047_00-07-23.043.jpg,00-07-23.043,,,,,,,,,,,,
0047a,00:07:25.633,00:08:20.333,54.7,句间无台词空窗（前接第 47 句「(我看看状况再和你联络 哈比…」，后接第 48 句「首尔和曼谷」）,S01E08_0047a_00-07-36.813.jpg,00-07-36.813,0.7989,47.5,0.0386,1,open,,,0.5716,0.4138,0,剧情延续帧,no
0047b,00:07:25.633,00:08:20.333,54.7,句间无台词空窗（前接第 47 句「(我看看状况再和你联络 哈比…」，后接第 48 句「首尔和曼谷」）,S01E08_0047b_00-07-56.576.jpg,00-07-56.576,-0.0318,48.1,0.1777,0,,,,0.0,0.8276,1,剧情延续帧,no
0047c,00:07:25.633,00:08:20.333,54.7,句间无台词空窗（前接第 47 句「(我看看状况再和你联络 哈比…」，后接第 48 句「首尔和曼谷」）,S01E08_0047c_00-07-58.373.jpg,00-07-58.373,-0.0132,40.1,0.1291,0,,,,0.0,0.7586,2,剧情延续帧,no
48,00:08:20.333,00:08:25.300,4.967,首尔和曼谷 / 不论在哪个都市 我都是孤身一人,S01E08_0048_00-08-22.320.jpg,00-08-22.320,,,,,,,,,,,,
49,00:08:25.800,00:08:29.500,3.7,陌生的旅行地让我感到更加孤独,S01E08_0049_00-08-26.910.jpg,00-08-26.910,,,,,,,,,,,,
50,00:08:30.367,00:08:34.800,4.433,我现在已经厌倦了孤独 / 连这份厌倦感都令人生厌,S01E08_0050_00-08-32.140.jpg,00-08-32.140,,,,,,,,,,,,
0050a,00:08:34.800,00:08:51.333,16.533,句间无台词空窗（前接第 50 句「我现在已经厌倦了孤独」，后接第 51 句「(我晚上有空 6点在林查班港…」）,S01E08_0050a_00-08-35.200.jpg,00-08-35.200,0.0142,632.9,0.8259,0,,,,0.0,0.0,0,剧情延续帧,no
0050b,00:08:34.800,00:08:51.333,16.533,句间无台词空窗（前接第 50 句「我现在已经厌倦了孤独」，后接第 51 句「(我晚上有空 6点在林查班港…」）,S01E08_0050b_00-08-42.083.jpg,00-08-42.083,0.5819,1030.1,0.5458,0,,,,0.0,0.9333,1,剧情延续帧,no
0050c,00:08:34.800,00:08:51.333,16.533,句间无台词空窗（前接第 50 句「我现在已经厌倦了孤独」，后接第 51 句「(我晚上有空 6点在林查班港…」）,S01E08_0050c_00-08-47.000.jpg,00-08-47.000,0.9813,164.9,0.2709,1,open,,,0.6513,0.4,2,剧情延续帧,no
51,00:08:51.333,00:08:56.067,4.734,(我晚上有空 6点在林查班港见),S01E08_0051_00-08-52.753.jpg,00-08-52.753,,,,,,,,,,,,
52,00:08:56.067,00:08:57.733,1.666,(好),S01E08_0052_00-08-56.733.jpg,00-08-56.733,,,,,,,,,,,,
0052a,00:08:57.733,00:09:07.800,10.067,"句间无台词空窗（前接第 52 句「(好)」，后接第 53 句「""闪亮大眼…""」）",S01E08_0052a_00-08-58.133.jpg,00-08-58.133,0.7972,164.4,0.3899,1,open,,,0.5886,0.0,0,剧情延续帧,no
0052b,00:08:57.733,00:09:07.800,10.067,"句间无台词空窗（前接第 52 句「(好)」，后接第 53 句「""闪亮大眼…""」）",S01E08_0052b_00-09-00.192.jpg,00-09-00.192,0.4422,998.3,0.7969,0,,,,0.0,0.5,1,剧情延续帧,no
0052c,00:08:57.733,00:09:07.800,10.067,"句间无台词空窗（前接第 52 句「(好)」，后接第 53 句「""闪亮大眼…""」）",S01E08_0052c_00-09-06.370.jpg,00-09-06.370,-0.3525,218.8,0.8167,0,,,,0.0,0.0,2,剧情延续帧,no
53,00:09:07.800,00:09:35.267,27.467,"""闪亮大眼…""",S01E08_0053_00-09-13.293.jpg,00-09-13.293,,,,,,,,,,,,
54,00:09:35.267,00:09:38.700,3.433,(泰语),S01E08_0054_00-09-38.013.jpg,00-09-38.013,,,,,,,,,,,,
55,00:09:43.467,00:09:48.300,4.833,只有这款有这个度数吧 / 对,S01E08_0055_00-09-44.434.jpg,00-09-44.434,0.8144,185.8,0.782,0,,,,0.0,0.4444,0,normal,yes
56,00:09:51.367,00:09:54.067,2.7,他说只有这款有你的度数,S01E08_0056_00-09-52.042.jpg,00-09-52.042,1.2427,119.1,0.3675,0,,,,0.0,0.5714,0,normal,yes
57,00:09:56.967,00:10:00.333,3.366,真的吗 你确定吗 / 对 只有这款,S01E08_0057_00-09-59.660.jpg,00-09-59.660,1.2713,219.1,0.7346,1,half,yes,speaking,0.6492,0.1111,0,normal,no
0057a,00:10:00.333,00:10:22.733,22.4,句间无台词空窗（前接第 57 句「真的吗 你确定吗」，后接第 58 句「他妈的 有够热」）,S01E08_0057a_00-10-02.697.jpg,00-10-02.697,1.0236,151.4,0.5617,1,closed,,,0.5818,0.0952,0,剧情延续帧,no
0057b,00:10:00.333,00:10:22.733,22.4,句间无台词空窗（前接第 57 句「真的吗 你确定吗」，后接第 58 句「他妈的 有够热」）,S01E08_0057b_00-10-21.351.jpg,00-10-21.351,0.2043,477.8,0.1444,0,,,,0.0,0.0,1,剧情延续帧,no
58,00:10:22.733,00:10:25.033,2.3,他妈的 有够热,S01E08_0058_00-10-23.719.jpg,00-10-23.719,1.0092,475.9,0.8757,0,,,,0.0,1.0,0,normal,yes
0058a,00:10:25.033,00:10:33.267,8.234,句间无台词空窗（前接第 58 句「他妈的 有够热」，后接第 59 句「好热」）,S01E08_0058a_00-10-31.805.jpg,00-10-31.805,0.5811,467.6,0.5122,0,,,,0.0,0.0,0,剧情延续帧,no
59,00:10:33.267,00:10:34.767,1.5,好热,S01E08_0059_00-10-33.867.jpg,00-10-33.867,0.9127,427.0,1.0,0,,,,0.0,1.0,0,normal,yes
0059a,00:10:34.767,00:10:56.433,21.666,句间无台词空窗（前接第 59 句「好热」，后接第 60 句「别再笑了啦」）,S01E08_0059a_00-10-35.167.jpg,00-10-35.167,0.7532,368.8,0.3526,0,,,,0.0,0.0,0,剧情延续帧,no
0059b,00:10:34.767,00:10:56.433,21.666,句间无台词空窗（前接第 59 句「好热」，后接第 60 句「别再笑了啦」）,,00-10-40.135,1.1892,156.6,0.7382,1,open,,,0.5117,0.5,1,剧情延续帧,no
0059c,00:10:34.767,00:10:56.433,21.666,句间无台词空窗（前接第 59 句「好热」，后接第 60 句「别再笑了啦」）,S01E08_0059c_00-10-41.129.jpg,00-10-41.129,1.231,363.5,0.7076,1,open,,,0.6011,0.6,2,剧情延续帧,no
60,00:10:56.433,00:10:58.400,1.967,别再笑了啦,S01E08_0060_00-10-57.417.jpg,00-10-57.417,1.2511,313.0,0.4699,0,,,,0.0,0.8,1,normal,yes
61,00:11:00.200,00:11:03.400,3.2,抱歉… / 好啦 我不会再笑你了,S01E08_0061_00-11-01.480.jpg,00-11-01.480,1.4683,120.5,0.8126,1,open,yes,speaking,0.6899,0.8889,0,normal,no
62,00:11:05.367,00:11:06.833,1.466,就叫你别笑了,S01E08_0062_00-11-05.693.jpg,00-11-05.693,0.9953,226.0,0.8818,1,half,yes,speaking,0.6461,0.5,0,normal,no
63,00:11:09.200,00:11:13.600,4.4,你自己不也觉得很好笑吗 / 你好像名侦探兔美哦,S01E08_0063_00-11-10.520.jpg,00-11-10.520,1.7442,127.2,0.9588,1,open,yes,speaking,0.8826,0.6667,0,normal,no
64,00:11:13.600,00:11:15.900,2.3,那你就是那个变态熊吉,S01E08_0064_00-11-14.586.jpg,00-11-14.586,0.9826,156.4,0.9534,0,,,,0.0,1.0,0,normal,yes
65,00:11:20.633,00:11:24.567,3.934,我是兔美 / 我也是兔美,S01E08_0065_00-11-22.600.jpg,00-11-22.600,1.2004,1303.7,0.5856,0,,,,0.0,0.8889,0,normal,yes
66,00:11:25.733,00:11:31.567,5.834,不对 你是熊吉 / 我是兔美,S01E08_0066_00-11-29.233.jpg,00-11-29.233,1.0804,1237.9,0.5651,0,,,,0.0,0.6667,0,normal,yes
67,00:11:31.567,00:11:36.467,4.9,我的瞳孔是蓝色的 / 我是兔美哦,S01E08_0067_00-11-33.527.jpg,00-11-33.527,0.854,1167.5,0.8909,0,,,,0.0,0.8889,0,normal,yes
68,00:11:36.467,00:11:39.600,3.133,不对 我才是兔美,S01E08_0068_00-11-38.208.jpg,00-11-38.208,1.1169,1753.7,0.6366,0,,,,0.0,0.75,0,normal,yes
0068a,00:11:39.600,00:11:54.067,14.467,句间无台词空窗（前接第 68 句「不对 我才是兔美」，后接第 69 句「你好」）,S01E08_0068a_00-11-43.905.jpg,00-11-43.905,0.7075,1345.8,0.4111,0,,,,0.0,0.6154,0,剧情延续帧,no
0068b,00:11:39.600,00:11:54.067,14.467,句间无台词空窗（前接第 68 句「不对 我才是兔美」，后接第 69 句「你好」）,S01E08_0068b_00-11-52.691.jpg,00-11-52.691,0.0788,618.3,0.5406,0,,,,0.0,0.0,1,剧情延续帧,no
69,00:11:54.067,00:11:55.133,1.066,你好,S01E08_0069_00-11-54.493.jpg,00-11-54.493,0.9078,605.2,0.9381,0,,,,0.0,1.0,0,normal,yes
70,00:11:55.667,00:12:01.500,5.833,请问你们有艾滋阻断药吗,S01E08_0070_00-11-59.167.jpg,00-11-59.167,0.9249,549.2,0.7853,0,,,,0.0,0.6667,0,normal,yes
71,00:12:02.333,00:12:03.567,1.234,有,S01E08_0071_00-12-03.320.jpg,00-12-03.320,1.1239,570.9,0.237,0,,,,0.0,0.0,0,normal,yes
0071a,00:12:03.567,00:12:38.667,35.1,句间无台词空窗（前接第 71 句「有」，后接第 72 句「(保险套)」）,S01E08_0071a_00-12-03.967.jpg,00-12-03.967,0.2736,593.9,1.0,0,,,,0.0,0.0,0,剧情延续帧,no
0071b,00:12:03.567,00:12:38.667,35.1,句间无台词空窗（前接第 71 句「有」，后接第 72 句「(保险套)」）,S01E08_0071b_00-12-07.397.jpg,00-12-07.397,0.6565,504.2,0.2428,0,,,,0.0,0.1034,1,剧情延续帧,no
0071c,00:12:03.567,00:12:38.667,35.1,句间无台词空窗（前接第 71 句「有」，后接第 72 句「(保险套)」）,S01E08_0071c_00-12-14.257.jpg,00-12-14.257,0.8168,610.1,0.2617,0,,,,0.0,0.6207,2,剧情延续帧,no
72,00:12:38.667,00:12:41.100,2.433,(保险套),S01E08_0072_00-12-39.710.jpg,00-12-39.710,1.3965,108.8,0.2779,0,,,,0.0,1.0,0,normal,yes
73,00:12:43.267,00:12:46.633,3.366,这是艾滋阻断药,S01E08_0073_00-12-43.940.jpg,00-12-43.940,1.1347,36.8,0.8846,1,open,yes,speaking,0.7195,0.4444,0,normal,no
74,00:12:46.633,00:12:51.267,4.634,药效和服用方式都一样,S01E08_0074_00-12-49.413.jpg,00-12-49.413,1.1301,71.1,0.3621,0,,,,0.0,0.6667,0,normal,yes
75,00:12:51.267,00:12:54.167,2.9,请在性行为之前服用两颗,S01E08_0075_00-12-52.556.jpg,00-12-52.556,1.9557,87.9,0.1581,1,open,yes,speaking,0.8262,1.0,0,normal,no
76,00:12:54.167,00:12:58.067,3.9,然后每二十四小时服用一颗 连续两次,S01E08_0076_00-12-54.947.jpg,00-12-54.947,2.114,381.3,0.2615,1,open,yes,speaking,0.5689,0.4444,0,normal,no
77,00:12:58.067,00:13:01.000,2.933,就能避免感染艾滋病,S01E08_0077_00-12-59.371.jpg,00-12-59.371,0.997,125.6,0.0753,0,,,,0.0,1.0,0,normal,yes
78,00:13:01.900,00:13:03.433,1.533,你要买吗,S01E08_0078_00-13-02.207.jpg,00-13-02.207,1.8768,345.4,0.716,1,open,yes,closed,0.6399,0.5,0,normal,no
0078a,00:13:03.433,00:13:09.900,6.467,句间无台词空窗（前接第 78 句「你要买吗」，后接第 79 句「好 这个多少钱」）,S01E08_0078a_00-13-03.833.jpg,00-13-03.833,0.383,46.6,0.2563,0,,,,0.0,0.0,0,剧情延续帧,no
0078b,00:13:03.433,00:13:09.900,6.467,句间无台词空窗（前接第 78 句「你要买吗」，后接第 79 句「好 这个多少钱」）,S01E08_0078b_00-13-08.555.jpg,00-13-08.555,0.5291,82.8,0.6727,0,,,,0.0,0.0,1,剧情延续帧,no
79,00:13:09.900,00:13:11.867,1.967,好 这个多少钱,S01E08_0079_00-13-10.556.jpg,00-13-10.556,0.9318,74.7,0.1198,0,,,,0.0,0.8,0,normal,yes
0079a,00:13:11.867,00:13:42.233,30.366,句间无台词空窗（前接第 79 句「好 这个多少钱」，后接第 80 句「冷猫」）,S01E08_0079a_00-13-12.267.jpg,00-13-12.267,0.1089,161.8,0.1972,0,,,,0.0,0.0,0,剧情延续帧,no
0079b,00:13:11.867,00:13:42.233,30.366,句间无台词空窗（前接第 79 句「好 这个多少钱」，后接第 80 句「冷猫」）,S01E08_0079b_00-13-22.122.jpg,00-13-22.122,0.1001,178.4,0.2457,0,,,,0.0,0.6897,1,剧情延续帧,no
0079c,00:13:11.867,00:13:42.233,30.366,句间无台词空窗（前接第 79 句「好 这个多少钱」，后接第 80 句「冷猫」）,S01E08_0079c_00-13-39.862.jpg,00-13-39.862,0.5879,92.8,0.3937,1,open,,,0.5246,0.0345,2,剧情延续帧,no
80,00:13:42.233,00:13:46.133,3.9,冷猫 / 不对 熊吉 / 干嘛,S01E08_0080_00-13-43.793.jpg,00-13-43.793,1.1533,64.4,0.9094,1,half,yes,speaking,0.3385,0.8889,0,normal,no
81,00:13:46.133,00:13:50.833,4.7,我们现在要做什么啊 / 不知道耶 先回饭店吗,S01E08_0081_00-13-49.423.jpg,00-13-49.423,0.8576,105.8,0.8036,0,,,,0.0,0.4444,0,normal,yes
82,00:13:53.400,00:13:59.233,5.833,要去看海吗 / 海边超远 / 为什么 这里是泰国耶,S01E08_0082_00-13-55.150.jpg,00-13-55.150,0.8577,106.3,0.7657,0,,,,0.0,0.6667,0,normal,yes
83,00:13:59.233,00:14:02.600,3.367,不是四面环海吗 / 普吉府或苏梅岛那种离岛才是,S01E08_0083_00-13-59.570.jpg,00-13-59.570,1.0959,89.9,0.7559,1,half,yes,speaking,0.3662,0.1111,0,normal,no
84,00:14:02.600,00:14:05.800,3.2,这里是曼谷 离海边超级远,S01E08_0084_00-14-04.200.jpg,00-14-04.200,1.041,80.4,0.7763,0,,,,0.0,0.8889,0,normal,yes
85,00:14:07.900,00:14:09.533,1.633,原来曼谷也是陆地啊,S01E08_0085_00-14-08.227.jpg,00-14-08.227,1.0762,63.6,0.5698,0,,,,0.0,0.5,0,normal,yes
86,00:14:14.533,00:14:15.733,1.2,你笑什么,S01E08_0086_00-14-15.013.jpg,00-14-15.013,0.8862,61.7,1.0,0,,,,0.0,1.0,0,normal,yes
87,00:14:18.167,00:14:22.000,3.833,我们第一次见面的时候 / 你不是说去陆地是你的愿望吗,S01E08_0087_00-14-19.317.jpg,00-14-19.317,1.0032,108.7,0.698,0,,,,0.0,0.6667,0,normal,yes
88,00:14:22.467,00:14:23.667,1.2,这很好笑吗,S01E08_0088_00-14-22.947.jpg,00-14-22.947,1.0642,116.0,0.6955,0,,,,0.0,1.0,0,normal,yes
89,00:14:25.000,00:14:28.033,3.033,既然看不到海 我们去看河怎么样 / 昭披耶河,S01E08_0089_00-14-26.348.jpg,00-14-26.348,0.9672,223.9,0.9504,0,,,,0.0,1.0,0,normal,yes
90,00:14:31.233,00:14:32.067,0.834,好啊,S01E08_0090_00-14-31.567.jpg,00-14-31.567,1.0558,147.3,0.8489,0,,,,0.0,1.0,0,normal,yes
0090a,00:14:32.067,00:14:45.033,12.966,句间无台词空窗（前接第 90 句「好啊」，后接第 91 句「走咯 去昭披耶河」）,S01E08_0090a_00-14-43.619.jpg,00-14-43.619,0.6516,975.0,0.4977,0,,,,0.0,0.0,0,剧情延续帧,no
91,00:14:45.033,00:14:47.933,2.9,走咯 去昭披耶河,S01E08_0091_00-14-46.644.jpg,00-14-46.644,0.8874,1237.2,0.8764,0,,,,0.0,0.75,0,normal,yes
92,00:14:51.000,00:14:54.533,3.533,凯莉总是悄无声息地侵入我的人生,S01E08_0092_00-14-51.707.jpg,00-14-51.707,0.8263,1777.7,0.4357,0,,,,0.0,0.4444,0,normal,yes
93,00:14:58.933,00:15:02.867,3.934,如果九年前的我知道这些事 / 会有什么改变吗,S01E08_0093_00-15-00.900.jpg,00-15-00.900,1.0939,1502.4,0.7389,0,,,,0.0,0.8889,0,normal,yes
94,00:15:07.800,00:15:13.033,5.233,我会过上和现在截然不同的人生吗 / 那又是什么样的人生呢,S01E08_0094_00-15-10.940.jpg,00-15-10.940,0.7962,735.6,0.8301,0,,,,0.0,0.6667,0,normal,yes
95,00:15:14.433,00:15:17.133,2.7,会变得更好 还是更差,S01E08_0095_00-15-15.446.jpg,00-15-15.446,0.805,649.7,0.7548,0,,,,0.0,0.8571,0,normal,yes
96,00:15:17.967,00:15:20.600,2.633,又或是和现在差不多,S01E08_0096_00-15-19.284.jpg,00-15-19.284,1.4622,381.9,1.0,1,open,yes,speaking,0.3973,0.8571,0,normal,no
0096a,00:15:20.600,00:15:26.600,6.0,句间无台词空窗（前接第 96 句「又或是和现在差不多」，后接第 97 句「虽然凯莉已经伴随着我九年了」）,S01E08_0096a_00-15-22.040.jpg,00-15-22.040,-0.3399,566.2,1.0,0,,,,0.0,0.5,0,剧情延续帧,no
0096b,00:15:20.600,00:15:26.600,6.0,句间无台词空窗（前接第 96 句「又或是和现在差不多」，后接第 97 句「虽然凯莉已经伴随着我九年了」）,S01E08_0096b_00-15-24.120.jpg,00-15-24.120,0.4263,1451.0,0.7093,0,,,,0.0,0.5,1,剧情延续帧,no
97,00:15:26.600,00:15:32.033,5.433,虽然凯莉已经伴随着我九年了 / 我却依然不习惯凯莉的存在,S01E08_0097_00-15-28.773.jpg,00-15-28.773,1.47,1421.7,0.2015,0,,,,0.0,0.8889,1,normal,yes
98,00:15:36.500,00:15:42.100,5.6,就连我都对凯莉感到陌生 / 圭浩却理所当然地接纳了一切,S01E08_0098_00-15-38.740.jpg,00-15-38.740,0.9501,368.6,0.152,0,,,,0.0,0.8889,1,normal,yes
0098a,00:15:42.100,00:15:48.367,6.267,句间无台词空窗（前接第 98 句「就连我都对凯莉感到陌生」，后接第 99 句「我对此感到抱歉」）,S01E08_0098a_00-15-42.500.jpg,00-15-42.500,-0.4624,107.5,1.0,0,,,,0.0,0.0,0,剧情延续帧,no
0098b,00:15:42.100,00:15:48.367,6.267,句间无台词空窗（前接第 98 句「就连我都对凯莉感到陌生」，后接第 99 句「我对此感到抱歉」）,S01E08_0098b_00-15-44.687.jpg,00-15-44.687,0.4764,452.5,0.748,0,,,,0.0,1.0,1,剧情延续帧,no
99,00:15:48.367,00:15:52.867,4.5,我对此感到抱歉 / 却装作不以为意,S01E08_0099_00-15-49.717.jpg,00-15-49.717,1.0798,257.8,0.3723,0,,,,0.0,0.6667,0,normal,yes
0099a,00:15:52.867,00:16:27.300,34.433,句间无台词空窗（前接第 99 句「我对此感到抱歉」，后接第 100 句「嗨 核武先生」）,S01E08_0099a_00-15-59.994.jpg,00-15-59.994,1.6993,328.9,0.8001,2,half,,,0.8752,0.4138,0,剧情延续帧,no
0099b,00:15:52.867,00:16:27.300,34.433,句间无台词空窗（前接第 99 句「我对此感到抱歉」，后接第 100 句「嗨 核武先生」）,S01E08_0099b_00-16-07.841.jpg,00-16-07.841,1.9818,336.0,0.4065,2,closed,,,0.8577,0.8966,1,剧情延续帧,no
0099c,00:15:52.867,00:16:27.300,34.433,句间无台词空窗（前接第 99 句「我对此感到抱歉」，后接第 100 句「嗨 核武先生」）,S01E08_0099c_00-16-11.205.jpg,00-16-11.205,1.5366,174.7,0.4939,1,half,,,0.9016,0.8966,2,剧情延续帧,no
100,00:16:27.300,00:16:28.933,1.633,嗨 核武先生,S01E08_0100_00-16-28.280.jpg,00-16-28.280,0.9854,388.7,0.8601,1,half,yes,speaking,0.64,0.5,0,normal,no
101,00:16:32.500,00:16:34.000,1.5,对不起,S01E08_0101_00-16-33.100.jpg,00-16-33.100,0.9555,419.4,0.8798,0,,,,0.0,1.0,0,normal,yes
102,00:16:39.067,00:16:42.733,3.666,我想说你可能不记得我长怎样了,S01E08_0102_00-16-40.533.jpg,00-16-40.533,0.917,157.5,0.6546,0,,,,0.0,0.8889,0,normal,yes
103,00:16:42.733,00:16:47.367,4.634,你会来曼谷见不记得长怎样的人吗 / 有何不可,S01E08_0103_00-16-45.050.jpg,00-16-45.050,1.0289,123.4,0.7173,0,,,,0.0,0.8889,0,normal,yes
104,00:16:51.833,00:16:54.900,3.067,你今天过得如何 / 让我想想,S01E08_0104_00-16-53.196.jpg,00-16-53.196,1.0096,65.4,1.0,1,half,yes,speaking,0.4173,1.0,0,normal,no
105,00:16:54.900,00:16:58.067,3.167,我看到了唱歌跳舞的巨人,S01E08_0105_00-16-56.167.jpg,00-16-56.167,0.9505,67.8,0.8049,0,,,,0.0,0.8889,0,normal,yes
106,00:16:59.067,00:17:03.533,4.466,"""闪亮大眼…""",S01E08_0106_00-17-01.747.jpg,00-17-01.747,0.7383,80.3,0.8064,0,,,,0.0,0.6667,0,normal,yes
107,00:17:04.433,00:17:09.467,5.034,看来你今天过得很愉快 / 那你呢,S01E08_0107_00-17-06.447.jpg,00-17-06.447,0.8723,271.2,0.6787,0,,,,0.0,0.8889,0,normal,yes
108,00:17:10.767,00:17:15.467,4.7,很无聊 / 就像过去的每一天一样,S01E08_0108_00-17-13.587.jpg,00-17-13.587,1.6089,61.4,0.6066,1,open,yes,speaking,0.6878,0.6667,0,normal,no
109,00:17:16.333,00:17:21.700,5.367,但今晚 / 会成为很特别的一天 / 因为我吗,S01E08_0109_00-17-18.480.jpg,00-17-18.480,1.7595,129.9,0.9208,1,open,yes,speaking,0.692,0.8889,0,normal,no
110,00:17:22.367,00:17:25.533,3.166,不是 / 你今晚会在曼谷,S01E08_0110_00-17-23.774.jpg,00-17-23.774,0.969,154.1,0.7269,0,,,,0.0,1.0,0,normal,yes
111,00:17:25.533,00:17:28.733,3.2,欣赏到最美丽的烟火,S01E08_0111_00-17-28.413.jpg,00-17-28.413,0.7884,339.8,0.7308,0,,,,0.0,0.0,0,normal,yes
0111a,00:17:28.733,00:17:53.300,24.567,句间无台词空窗（前接第 111 句「欣赏到最美丽的烟火」，后接第 112 句「全部都来一杯」）,S01E08_0111a_00-17-30.123.jpg,00-17-30.123,0.4329,870.7,0.5082,0,,,,0.0,0.0435,0,剧情延续帧,no
0111b,00:17:28.733,00:17:53.300,24.567,句间无台词空窗（前接第 111 句「欣赏到最美丽的烟火」，后接第 112 句「全部都来一杯」）,S01E08_0111b_00-17-45.968.jpg,00-17-45.968,1.5071,65.8,0.0675,1,open,,,0.8996,0.5217,1,剧情延续帧,no
112,00:17:53.300,00:17:54.867,1.567,全部都来一杯,S01E08_0112_00-17-54.554.jpg,00-17-54.554,2.0167,52.6,0.1939,1,open,yes,speaking,0.8225,0.0,0,normal,no
113,00:17:55.967,00:17:57.300,1.333,好,S01E08_0113_00-17-56.234.jpg,00-17-56.234,2.0434,55.0,0.5929,1,open,yes,speaking,0.8409,0.5,0,normal,no
0113a,00:17:57.300,00:18:11.633,14.333,句间无台词空窗（前接第 113 句「好」，后接第 114 句「-这杯酒…」）,S01E08_0113a_00-17-58.667.jpg,00-17-58.667,1.2047,57.8,0.5695,1,open,,,0.908,0.0769,0,剧情延续帧,no
114,00:18:11.633,00:18:15.033,3.4,-这杯酒… / -稍等 / 不用跟我介绍,S01E08_0114_00-18-14.693.jpg,00-18-14.693,1.7841,29.5,0.1704,1,open,yes,speaking,0.7613,0.0,0,normal,no
115,00:18:15.033,00:18:18.667,3.634,我不想知道 / 谢谢,S01E08_0115_00-18-16.850.jpg,00-18-16.850,1.9228,44.7,0.2057,1,open,yes,speaking,0.7945,0.8889,0,normal,no
116,00:18:22.700,00:18:26.500,3.8,我一直想这样点一次看看,S01E08_0116_00-18-22.700.jpg,00-18-22.700,1.129,171.7,0.1952,0,,,,0.0,0.0,0,normal,yes
117,00:18:27.033,00:18:28.600,1.567,有钱真好,S01E08_0117_00-18-27.346.jpg,00-18-27.346,1.202,15.5,0.39,0,,,,0.0,0.5,0,normal,yes
118,00:18:29.767,00:18:35.533,5.766,我不知道金钱 能带来这么多趣味 / 是吗,S01E08_0118_00-18-31.497.jpg,00-18-31.497,1.8915,13.6,0.2117,1,half,yes,speaking,0.8562,0.6667,0,normal,no
119,00:18:35.533,00:18:40.033,4.5,那你真是个傻瓜 居然不知道,S01E08_0119_00-18-37.783.jpg,00-18-37.783,1.7488,13.5,0.5096,1,half,yes,speaking,0.9029,0.8889,0,normal,no
0119a,00:18:40.033,00:18:54.700,14.667,句间无台词空窗（前接第 119 句「那你真是个傻瓜 居然不知道」，后接第 120 句「真好喝 你那杯味道怎么样」）,S01E08_0119a_00-18-40.433.jpg,00-18-40.433,1.2199,20.4,0.5735,1,half,,,0.9131,0.0,0,剧情延续帧,no
120,00:18:54.700,00:18:57.567,2.867,真好喝 你那杯味道怎么样,S01E08_0120_00-18-55.974.jpg,00-18-55.974,1.2908,164.6,0.3528,0,,,,0.0,1.0,0,normal,yes
121,00:18:59.367,00:19:02.367,3.0,哈密瓜 马里布 柠檬,S01E08_0121_00-19-00.367.jpg,00-19-00.367,1.5461,18.3,0.4999,1,half,yes,speaking,0.8814,0.75,0,normal,no
122,00:19:05.600,00:19:09.000,3.4,还有香蕉 / 是杯中规中矩的June Bug,S01E08_0122_00-19-07.300.jpg,00-19-07.300,1.9013,13.9,0.211,1,half,yes,closed,0.9094,0.8889,0,normal,no
123,00:19:09.800,00:19:11.733,1.933,你的喝起来怎么样,S01E08_0123_00-19-10.444.jpg,00-19-10.444,2.1188,18.9,0.1549,1,half,yes,speaking,0.9189,0.8,0,normal,no
124,00:19:16.600,00:19:20.167,3.567,像我的无名指 / 什么,S01E08_0124_00-19-19.097.jpg,00-19-19.097,2.3317,27.2,0.1618,1,open,yes,speaking,0.8499,0.4444,0,normal,no
125,00:19:20.167,00:19:25.567,5.4,你说是你无名指的味道吗 / 对 你要喝喝看吗,S01E08_0125_00-19-23.407.jpg,00-19-23.407,2.0833,42.6,0.347,1,open,yes,speaking,0.8657,0.6667,0,normal,no
0125a,00:19:25.567,00:19:43.100,17.533,句间无台词空窗（前接第 125 句「你说是你无名指的味道吗」，后接第 126 句「怎么会真的有你无名指的味道」）,S01E08_0125a_00-19-33.841.jpg,00-19-33.841,2.1363,50.3,0.5157,1,open,,,0.9196,1.0,0,剧情延续帧,no
126,00:19:43.100,00:19:47.033,3.933,怎么会真的有你无名指的味道 / 对吧,S01E08_0126_00-19-45.460.jpg,00-19-45.460,2.1583,49.3,0.4037,1,open,yes,speaking,0.9127,0.6667,0,normal,no
0126a,00:19:47.033,00:20:13.633,26.6,句间无台词空窗（前接第 126 句「怎么会真的有你无名指的味道」，后接第 127 句「香蕉吗」）,S01E08_0126a_00-19-58.348.jpg,00-19-58.348,2.267,55.6,0.1559,1,open,,,0.8813,0.88,0,剧情延续帧,no
0126b,00:19:47.033,00:20:13.633,26.6,句间无台词空窗（前接第 126 句「怎么会真的有你无名指的味道」，后接第 127 句「香蕉吗」）,S01E08_0126b_00-20-12.241.jpg,00-20-12.241,0.3,62.4,1.0,0,,,,0.0,0.0,1,剧情延续帧,no
127,00:20:13.633,00:20:14.900,1.267,香蕉吗,S01E08_0127_00-20-14.393.jpg,00-20-14.393,0.9481,79.0,0.7456,0,,,,0.0,0.5,0,normal,yes
128,00:20:15.500,00:20:17.900,2.4,这个怎么样,S01E08_0128_00-20-16.529.jpg,00-20-16.529,0.9623,73.9,0.9825,0,,,,0.0,1.0,0,normal,yes
129,00:20:23.067,00:20:26.433,3.366,干杯…,S01E08_0129_00-20-26.096.jpg,00-20-26.096,1.0795,58.4,0.315,0,,,,0.0,0.0,0,normal,yes
130,00:20:29.600,00:20:32.367,2.767,你还好吗 / 不好,S01E08_0130_00-20-29.600.jpg,00-20-29.600,1.904,49.2,0.5022,1,open,yes,speaking,0.8253,0.0,0,normal,no
0130a,00:20:32.367,00:20:54.100,21.733,句间无台词空窗（前接第 130 句「你还好吗」，后接第 131 句「我现在尝不出任何味道了」）,S01E08_0130a_00-20-33.764.jpg,00-20-33.764,1.2364,82.6,0.9118,1,half,,,0.811,0.05,0,剧情延续帧,no
0130b,00:20:32.367,00:20:54.100,21.733,句间无台词空窗（前接第 130 句「你还好吗」，后接第 131 句「我现在尝不出任何味道了」）,S01E08_0130b_00-20-42.735.jpg,00-20-42.735,0.7296,177.6,0.3151,0,,,,0.0,1.0,1,剧情延续帧,no
0130c,00:20:32.367,00:20:54.100,21.733,句间无台词空窗（前接第 130 句「你还好吗」，后接第 131 句「我现在尝不出任何味道了」）,S01E08_0130c_00-20-52.703.jpg,00-20-52.703,0.815,182.0,0.2261,0,,,,0.0,0.0,2,剧情延续帧,no
131,00:20:54.100,00:20:59.300,5.2,我现在尝不出任何味道了 / 我的舌头可能麻痹了,S01E08_0131_00-20-58.780.jpg,00-20-58.780,0.8462,201.7,0.4052,0,,,,0.0,0.0,0,normal,yes
132,00:21:00.533,00:21:04.433,3.9,没关系 味道从一开始就不重要,S01E08_0132_00-21-02.483.jpg,00-21-02.483,0.8789,229.7,0.8842,0,,,,0.0,0.8889,0,normal,yes
0132a,00:21:04.433,00:21:34.833,30.4,句间无台词空窗（前接第 132 句「没关系 味道从一开始就不重要」，后接第 133 句「为什么下雨」）,S01E08_0132a_00-21-10.753.jpg,00-21-10.753,0.8666,243.6,0.1674,0,,,,0.0,0.4138,0,剧情延续帧,no
0132b,00:21:04.433,00:21:34.833,30.4,句间无台词空窗（前接第 132 句「没关系 味道从一开始就不重要」，后接第 133 句「为什么下雨」）,S01E08_0132b_00-21-27.526.jpg,00-21-27.526,0.3967,167.9,0.4025,0,,,,0.0,0.4138,1,剧情延续帧,no
0132c,00:21:04.433,00:21:34.833,30.4,句间无台词空窗（前接第 132 句「没关系 味道从一开始就不重要」，后接第 133 句「为什么下雨」）,S01E08_0132c_00-21-30.486.jpg,00-21-30.486,-0.0297,64.9,0.4172,0,,,,0.0,0.1034,2,剧情延续帧,no
133,00:21:34.833,00:21:39.867,5.034,为什么下雨 / 不是说是干季吗 / 迟来的雨季,S01E08_0133_00-21-38.357.jpg,00-21-38.357,2.0735,87.8,0.5525,1,open,yes,speaking,0.7828,0.4444,0,normal,no
134,00:21:41.467,00:21:43.233,1.766,这不就是干季吗,S01E08_0134_00-21-41.467.jpg,00-21-41.467,1.7145,71.4,0.5807,1,open,yes,closed,0.7736,0.0,0,normal,no
135,00:21:43.967,00:21:47.100,3.133,迟来的雨季也是雨季吧,S01E08_0135_00-21-45.708.jpg,00-21-45.708,2.1957,58.4,0.4035,1,open,yes,speaking,0.9192,0.75,0,normal,no
136,00:21:49.467,00:21:51.967,2.5,所以机票才这么便宜,S01E08_0136_00-21-50.092.jpg,00-21-50.092,1.256,93.2,0.3485,0,,,,0.0,0.5714,0,normal,yes
0136a,00:21:51.967,00:22:12.733,20.766,句间无台词空窗（前接第 136 句「所以机票才这么便宜」，后接第 137 句「别跑了 反正都湿透了」）,S01E08_0136a_00-21-53.365.jpg,00-21-53.365,1.9275,124.3,0.6686,1,half,,,0.7191,0.0526,0,剧情延续帧,no
0136b,00:21:51.967,00:22:12.733,20.766,句间无台词空窗（前接第 136 句「所以机票才这么便宜」，后接第 137 句「别跑了 反正都湿透了」）,S01E08_0136b_00-21-57.359.jpg,00-21-57.359,0.1445,24.6,0.0764,0,,,,0.0,0.5263,1,剧情延续帧,no
0136c,00:21:51.967,00:22:12.733,20.766,句间无台词空窗（前接第 136 句「所以机票才这么便宜」，后接第 137 句「别跑了 反正都湿透了」）,S01E08_0136c_00-22-05.345.jpg,00-22-05.345,0.434,75.4,0.2463,0,,,,0.0,0.6316,2,剧情延续帧,no
137,00:22:12.733,00:22:15.200,2.467,别跑了 反正都湿透了,S01E08_0137_00-22-13.790.jpg,00-22-13.790,1.0609,102.7,0.6431,0,,,,0.0,1.0,0,normal,yes
138,00:22:16.100,00:22:18.000,1.9,慢慢走啦,S01E08_0138_00-22-16.733.jpg,00-22-16.733,1.2177,244.3,0.4975,0,,,,0.0,0.8,0,normal,yes
0138a,00:22:18.000,00:22:31.367,13.367,句间无台词空窗（前接第 138 句「慢慢走啦」，后接第 139 句「你在干嘛」）,S01E08_0138a_00-22-18.400.jpg,00-22-18.400,0.6374,247.6,0.4924,0,,,,0.0,0.0,0,剧情延续帧,no
0138b,00:22:18.000,00:22:31.367,13.367,句间无台词空窗（前接第 138 句「慢慢走啦」，后接第 139 句「你在干嘛」）,S01E08_0138b_00-22-21.300.jpg,00-22-21.300,0.2176,106.0,0.2898,0,,,,0.0,0.5,1,剧情延续帧,no
139,00:22:31.367,00:22:35.633,4.266,你在干嘛 / 还用问吗 就是累了才会躺下,S01E08_0139_00-22-33.500.jpg,00-22-33.500,1.4824,108.3,0.1497,0,,,,0.0,0.8889,0,normal,yes
140,00:22:35.633,00:22:41.367,5.734,所以为什么躺在路中央 / 我小时候住在南济州都这样,S01E08_0140_00-22-38.500.jpg,00-22-38.500,1.2527,65.5,0.2267,0,,,,0.0,0.8889,1,normal,yes
141,00:22:41.367,00:22:44.633,3.266,躺在车道上吗 / 对,S01E08_0141_00-22-43.000.jpg,00-22-43.000,1.1092,63.1,0.5325,0,,,,0.0,0.8889,0,normal,yes
142,00:22:44.633,00:22:47.533,2.9,一整天都躺在海边旁的路上,S01E08_0142_00-22-45.600.jpg,00-22-45.600,1.0479,63.4,0.6737,0,,,,0.0,0.75,0,normal,yes
143,00:22:48.000,00:22:52.733,4.733,疯了吧 / 你没死算很幸运 / 干嘛做这么危险的事,S01E08_0143_00-22-50.367.jpg,00-22-50.367,0.936,88.1,0.6601,0,,,,0.0,0.8889,1,normal,yes
144,00:22:52.733,00:22:54.833,2.1,因为喜欢这样待着,S01E08_0144_00-22-53.433.jpg,00-22-53.433,0.88,117.1,1.0,0,,,,0.0,0.8,0,normal,yes
145,00:22:55.567,00:22:57.867,2.3,凉快又舒服,S01E08_0145_00-22-56.224.jpg,00-22-56.224,1.0683,108.0,0.5615,0,,,,0.0,0.6667,0,normal,yes
146,00:22:58.733,00:23:03.200,4.467,一睁开眼就能看到天空 / 就像盖着天空棉被一样,S01E08_0146_00-23-00.966.jpg,00-23-00.966,1.4503,93.4,0.2038,0,,,,0.0,0.8889,0,normal,yes
147,00:23:03.800,00:23:05.200,1.4,你在写诗哦,S01E08_0147_00-23-04.080.jpg,00-23-04.080,0.8131,77.8,0.9079,0,,,,0.0,0.5,0,normal,yes
148,00:23:06.233,00:23:09.233,3.0,快点起来啦 快点来,S01E08_0148_00-23-07.566.jpg,00-23-07.566,1.0018,34.0,0.3346,0,,,,0.0,1.0,0,normal,yes
0148a,00:23:09.233,00:23:25.167,15.934,句间无台词空窗（前接第 148 句「快点起来啦 快点来」，后接第 149 句「你也躺在这里吧」）,S01E08_0148a_00-23-11.651.jpg,00-23-11.651,1.836,93.2,0.3916,1,half,,,0.9378,0.2857,0,剧情延续帧,no
0148b,00:23:09.233,00:23:25.167,15.934,句间无台词空窗（前接第 148 句「快点起来啦 快点来」，后接第 149 句「你也躺在这里吧」）,S01E08_0148b_00-23-16.696.jpg,00-23-16.696,1.9555,134.5,0.2886,1,half,,,0.8571,1.0,1,剧情延续帧,no
0148c,00:23:09.233,00:23:25.167,15.934,句间无台词空窗（前接第 148 句「快点起来啦 快点来」，后接第 149 句「你也躺在这里吧」）,S01E08_0148c_00-23-21.740.jpg,00-23-21.740,1.9294,83.5,0.1996,1,half,,,0.9757,0.2857,2,剧情延续帧,no
149,00:23:25.167,00:23:27.133,1.966,你也躺在这里吧,S01E08_0149_00-23-26.150.jpg,00-23-26.150,1.7205,106.1,0.8612,1,half,yes,speaking,0.7755,0.8,0,normal,no
0149a,00:23:27.133,00:23:46.833,19.7,句间无台词空窗（前接第 149 句「你也躺在这里吧」，后接第 150 句「阿煐」）,S01E08_0149a_00-23-31.512.jpg,00-23-31.512,2.1331,85.3,0.1912,1,open,,,0.9628,0.4444,0,剧情延续帧,no
0149b,00:23:27.133,00:23:46.833,19.7,句间无台词空窗（前接第 149 句「你也躺在这里吧」，后接第 150 句「阿煐」）,S01E08_0149b_00-23-37.480.jpg,00-23-37.480,1.3377,93.1,0.5742,1,closed,,,0.4864,0.8889,1,剧情延续帧,no
0149c,00:23:27.133,00:23:46.833,19.7,句间无台词空窗（前接第 149 句「你也躺在这里吧」，后接第 150 句「阿煐」）,S01E08_0149c_00-23-45.438.jpg,00-23-45.438,2.0104,69.1,0.1096,1,half,,,0.8899,0.0,2,剧情延续帧,no
150,00:23:46.833,00:23:48.267,1.434,阿煐,S01E08_0150_00-23-47.693.jpg,00-23-47.693,1.4043,71.2,0.9622,1,half,yes,speaking,0.8736,0.5,0,normal,no
151,00:23:48.967,00:23:51.000,2.033,我很喜欢现在这样,S01E08_0151_00-23-49.306.jpg,00-23-49.306,1.5916,68.5,0.6396,1,half,yes,speaking,0.8622,0.4,0,normal,no
152,00:23:51.667,00:23:54.833,3.166,连内裤都湿透了 哪里好了,S01E08_0152_00-23-53.426.jpg,00-23-53.426,1.4045,69.3,0.1267,1,half,yes,too_open,0.8646,0.75,0,normal,no
153,00:23:56.067,00:24:01.067,5.0,就是跟你一起待在这里,S01E08_0153_00-23-59.067.jpg,00-23-59.067,2.0404,100.6,0.1441,1,half,yes,speaking,0.8668,0.6667,0,normal,no
154,00:24:03.500,00:24:05.033,1.533,让我很开心,S01E08_0154_00-24-04.113.jpg,00-24-04.113,2.4434,72.8,0.3243,1,open,yes,speaking,0.8556,1.0,0,normal,no
0154a,00:24:05.033,00:24:22.933,17.9,句间无台词空窗（前接第 154 句「让我很开心」，后接第 155 句「某天 黑暗降临了」）,S01E08_0154a_00-24-05.433.jpg,00-24-05.433,1.1555,74.4,1.0,1,open,,,0.8525,0.0,0,剧情延续帧,no
0154b,00:24:05.033,00:24:22.933,17.9,句间无台词空窗（前接第 154 句「让我很开心」，后接第 155 句「某天 黑暗降临了」）,S01E08_0154b_00-24-08.451.jpg,00-24-08.451,1.8146,110.1,0.3138,1,open,,,0.8402,0.375,1,剧情延续帧,no
0154c,00:24:05.033,00:24:22.933,17.9,句间无台词空窗（前接第 154 句「让我很开心」，后接第 155 句「某天 黑暗降临了」）,S01E08_0154c_00-24-13.480.jpg,00-24-13.480,1.8252,123.5,0.4094,1,open,,,0.8542,1.0,2,剧情延续帧,no
155,00:24:22.933,00:24:28.067,5.134,某天 黑暗降临了 / 文字也同样黑暗,S01E08_0155_00-24-24.987.jpg,00-24-24.987,2.0244,167.8,0.7495,1,open,yes,closed,0.8677,0.8889,0,normal,no
156,00:24:28.067,00:24:30.100,2.033,因为眼前一片黑暗 去医院就诊,S01E08_0156_00-24-28.406.jpg,00-24-28.406,0.8909,156.5,0.472,0,,,,0.0,0.4,0,normal,yes
157,00:24:30.100,00:24:35.167,5.067,医生却说查不出病因,S01E08_0157_00-24-32.127.jpg,00-24-32.127,1.1678,162.0,0.4041,0,,,,0.0,0.8889,0,normal,yes
158,00:24:35.167,00:24:39.733,4.566,所以我半个月都待在饭店中,S01E08_0158_00-24-37.907.jpg,00-24-37.907,0.7218,3.1,0.7947,1,half,yes,closed,0.6818,0.6667,0,flat,yes
0158a,00:24:39.733,00:25:06.467,26.734,句间无台词空窗（前接第 158 句「所以我半个月都待在饭店中」，后接第 159 句「躺在床上时」）,S01E08_0158a_00-24-40.133.jpg,00-24-40.133,1.2164,39.7,1.0,1,half,,,0.8302,0.0,0,剧情延续帧,no
0158b,00:24:39.733,00:25:06.467,26.734,句间无台词空窗（前接第 158 句「所以我半个月都待在饭店中」，后接第 159 句「躺在床上时」）,S01E08_0158b_00-25-05.070.jpg,00-25-05.070,0.5298,73.2,0.6676,0,,,,0.0,0.0,2,剧情延续帧,no
159,00:25:06.467,00:25:11.767,5.3,躺在床上时 / 我能想起的只有…,S01E08_0159_00-25-06.467.jpg,00-25-06.467,1.0112,63.0,0.101,0,,,,0.0,0.0,0,normal,yes
160,00:25:11.767,00:25:16.467,4.7,在变暗之前 / 我最后看到的饭店天花板,S01E08_0160_00-25-15.057.jpg,00-25-15.057,1.1083,98.9,0.4961,0,,,,0.0,0.4444,0,normal,yes
161,00:25:18.700,00:25:22.467,3.767,从那天起我每换一间新饭店,S01E08_0161_00-25-20.207.jpg,00-25-20.207,1.7226,34.9,0.9427,1,open,yes,speaking,0.7267,0.8889,0,normal,no
162,00:25:22.467,00:25:24.767,2.3,就会拍照,S01E08_0162_00-25-23.781.jpg,00-25-23.781,1.5437,28.3,1.0,1,open,yes,speaking,0.6906,0.6667,0,normal,no
163,00:25:26.267,00:25:28.567,2.3,各种各样的灯饰,S01E08_0163_00-25-27.253.jpg,00-25-27.253,1.9496,27.8,0.5131,1,open,yes,closed,0.6775,1.0,0,normal,no
164,00:25:29.533,00:25:33.667,4.134,水晶灯 / 以及吊扇,S01E08_0164_00-25-29.533.jpg,00-25-29.533,0.8855,24.0,0.4145,1,half,yes,speaking,0.8292,0.0,0,flat,yes
165,00:25:35.200,00:25:38.567,3.367,那些艰辛吊着的东西们,S01E08_0165_00-25-36.883.jpg,00-25-36.883,1.2553,5.2,0.3208,0,,,,0.0,0.8889,0,normal,yes
0165a,00:25:38.567,00:26:44.667,66.1,句间无台词空窗（前接第 165 句「那些艰辛吊着的东西们」，后接第 166 句「(我不知道活下去有何意义)」）,S01E08_0165a_00-25-49.850.jpg,00-25-49.850,0.5826,68.7,0.1103,0,,,,0.0,0.3448,0,剧情延续帧,no
0165b,00:25:38.567,00:26:44.667,66.1,句间无台词空窗（前接第 165 句「那些艰辛吊着的东西们」，后接第 166 句「(我不知道活下去有何意义)」）,S01E08_0165b_00-26-22.500.jpg,00-26-22.500,0.5823,96.8,0.4951,0,,,,0.0,0.6207,1,剧情延续帧,no
0165c,00:25:38.567,00:26:44.667,66.1,句间无台词空窗（前接第 165 句「那些艰辛吊着的东西们」，后接第 166 句「(我不知道活下去有何意义)」）,S01E08_0165c_00-26-33.384.jpg,00-26-33.384,0.4109,45.4,0.0352,0,,,,0.0,0.2759,2,剧情延续帧,no
166,00:26:44.667,00:26:46.367,1.7,(我不知道活下去有何意义) / (其他家人都在等你),S01E08_0166_00-26-45.347.jpg,00-26-45.347,0.9614,885.8,0.9837,0,,,,0.0,1.0,0,normal,yes
167,00:26:46.367,00:26:51.033,4.666,(不知道会不会是最后一次 回来吧 / 你不觉得你女儿很可怜吗) / (跟我死了一样),S01E08_0167_00-26-49.167.jpg,00-26-49.167,0.9525,839.9,0.7254,0,,,,0.0,0.6667,0,normal,yes
0167a,00:26:51.033,00:26:57.100,6.067,句间无台词空窗（前接第 167 句「(不知道会不会是最后一次 回…」，后接第 168 句「谴责吧」）,S01E08_0167a_00-26-51.433.jpg,00-26-51.433,1.9837,21.2,0.1765,1,closed,,,0.8721,0.0,0,剧情延续帧,no
0167b,00:26:51.033,00:26:57.100,6.067,句间无台词空窗（前接第 167 句「(不知道会不会是最后一次 回…」，后接第 168 句「谴责吧」）,S01E08_0167b_00-26-55.647.jpg,00-26-55.647,0.3,33.8,1.0,0,,,,0.0,0.0,1,剧情延续帧,no
168,00:26:57.100,00:27:03.267,6.167,谴责吧,S01E08_0168_00-27-00.184.jpg,00-27-00.184,1.2127,35.2,0.5692,0,,,,0.0,0.8889,0,normal,yes
0168a,00:27:03.267,00:27:20.967,17.7,句间无台词空窗（前接第 168 句「谴责吧」，后接第 169 句「我们要标准房」）,S01E08_0168a_00-27-03.667.jpg,00-27-03.667,1.9353,21.6,0.0722,1,half,,,0.8408,0.0,0,剧情延续帧,no
0168b,00:27:03.267,00:27:20.967,17.7,句间无台词空窗（前接第 168 句「谴责吧」，后接第 169 句「我们要标准房」）,S01E08_0168b_00-27-18.579.jpg,00-27-18.579,1.9938,24.5,0.0944,1,half,,,0.8494,0.0625,1,剧情延续帧,no
169,00:27:20.967,00:27:22.433,1.466,我们要标准房,S01E08_0169_00-27-21.553.jpg,00-27-21.553,1.1362,117.1,0.7185,0,,,,0.0,1.0,0,normal,yes
170,00:27:23.233,00:27:27.600,4.367,我推荐你们豪华房 / 我们只休息三个小时,S01E08_0170_00-27-24.543.jpg,00-27-24.543,1.3857,119.1,0.1921,0,,,,0.0,0.6667,0,normal,yes
171,00:27:28.167,00:27:29.967,1.8,1千泰铢,S01E08_0171_00-27-28.887.jpg,00-27-28.887,0.8849,57.6,0.8162,0,,,,0.0,1.0,0,normal,yes
172,00:27:32.433,00:27:35.567,3.134,3百泰铢 / 1千,S01E08_0172_00-27-33.826.jpg,00-27-33.826,1.3563,100.9,0.3356,0,,,,0.0,1.0,0,normal,yes
173,00:27:36.900,00:27:39.000,2.1,真是的 这里连休息都没有吗,S01E08_0173_00-27-37.950.jpg,00-27-37.950,1.1034,73.8,0.5356,0,,,,0.0,0.8,0,normal,yes
174,00:27:39.867,00:27:45.033,5.166,还能怎么办呢 / 就给他1千泰铢 我们进去休息吧,S01E08_0174_00-27-42.450.jpg,00-27-42.450,1.0742,88.1,0.7329,0,,,,0.0,0.8889,0,normal,yes
0174a,00:27:45.033,00:27:55.733,10.7,句间无台词空窗（前接第 174 句「还能怎么办呢」，后接第 175 句「这种房间要1千泰铢哦」）,S01E08_0174a_00-27-45.433.jpg,00-27-45.433,0.3,123.1,1.0,0,,,,0.0,0.0,0,剧情延续帧,no
175,00:27:55.733,00:27:58.267,2.534,这种房间要1千泰铢哦,S01E08_0175_00-27-56.683.jpg,00-27-56.683,1.4353,32.9,0.1548,0,,,,0.0,0.8571,0,normal,yes
176,00:27:59.133,00:28:00.633,1.5,认真的吗,S01E08_0176_00-27-59.433.jpg,00-27-59.433,0.9162,16.5,0.6098,0,,,,0.0,0.5,0,normal,yes
177,00:28:04.833,00:28:06.767,1.934,这些都是回忆,S01E08_0177_00-28-06.122.jpg,00-28-06.122,0.9242,17.6,0.5695,0,,,,0.0,0.4,0,normal,yes
178,00:28:09.200,00:28:11.333,2.133,很脏耶 放好啦,S01E08_0178_00-28-09.911.jpg,00-28-09.911,0.752,22.6,1.0,0,,,,0.0,0.8,0,normal,yes
0178a,00:28:11.333,00:28:24.233,12.9,句间无台词空窗（前接第 178 句「很脏耶 放好啦」，后接第 179 句「圭浩只要戴套就很常软掉」）,S01E08_0178a_00-28-12.741.jpg,00-28-12.741,0.1053,15.1,0.0567,0,,,,0.0,0.0909,0,剧情延续帧,no
0178b,00:28:11.333,00:28:24.233,12.9,句间无台词空窗（前接第 178 句「很脏耶 放好啦」，后接第 179 句「圭浩只要戴套就很常软掉」）,S01E08_0178b_00-28-22.825.jpg,00-28-22.825,0.7168,104.1,0.4046,0,,,,0.0,0.0,1,剧情延续帧,no
179,00:28:24.233,00:28:27.333,3.1,圭浩只要戴套就很常软掉,S01E08_0179_00-28-25.266.jpg,00-28-25.266,1.1768,97.7,0.5163,0,,,,0.0,0.75,0,normal,yes
180,00:28:27.333,00:28:30.733,3.4,我因为凯莉 没戴套就不能做爱,S01E08_0180_00-28-28.693.jpg,00-28-28.693,1.3916,94.6,0.252,0,,,,0.0,0.8889,0,normal,yes
181,00:28:32.233,00:28:36.467,4.234,因此我与圭浩的做爱频率 / 受到凯莉很大的影响,S01E08_0181_00-28-33.927.jpg,00-28-33.927,1.022,244.8,0.8331,0,,,,0.0,0.8889,0,normal,yes
182,00:28:41.667,00:28:44.533,2.866,我们约好要给凯莉休假,S01E08_0182_00-28-42.941.jpg,00-28-42.941,0.9006,14.8,0.9392,0,,,,0.0,1.0,0,normal,yes
183,00:28:45.600,00:28:49.133,3.533,是我与圭浩第一次 / 也是最后一次无套性爱,S01E08_0183_00-28-47.013.jpg,00-28-47.013,1.0873,15.2,0.5369,0,,,,0.0,0.8889,0,normal,yes
184,00:28:52.100,00:28:56.000,3.9,在曼谷青年旅馆做爱 / 又咸又湿,S01E08_0184_00-28-52.100.jpg,00-28-52.100,0.5387,26.1,1.0,0,,,,0.0,0.0,0,normal,yes
0184a,00:28:56.000,00:29:08.433,12.433,句间无台词空窗（前接第 184 句「在曼谷青年旅馆做爱」，后接第 185 句「如果吊扇掉下来」）,S01E08_0184a_00-29-01.247.jpg,00-29-01.247,0.9698,45.5,0.0432,0,,,,0.0,0.9091,0,剧情延续帧,no
0184b,00:28:56.000,00:29:08.433,12.433,句间无台词空窗（前接第 184 句「在曼谷青年旅馆做爱」，后接第 185 句「如果吊扇掉下来」）,S01E08_0184b_00-29-07.064.jpg,00-29-07.064,0.964,11.2,1.0,1,half,,,0.7582,0.0,1,剧情延续帧,no
185,00:29:08.433,00:29:13.933,5.5,如果吊扇掉下来 / 我们都会变成绞肉 对吧,S01E08_0185_00-29-10.083.jpg,00-29-10.083,1.6763,9.9,0.6857,2,open,yes,speaking,0.8178,0.6667,3,normal,no
186,00:29:15.700,00:29:18.033,2.333,一起变成汉堡排吧,S01E08_0186_00-29-16.700.jpg,00-29-16.700,1.8946,8.0,0.7942,1,open,yes,speaking,0.6421,1.0,1,normal,no
187,00:29:20.367,00:29:22.100,1.733,你说什么啦,S01E08_0187_00-29-20.714.jpg,00-29-20.714,1.4405,6.4,0.3304,1,half,yes,speaking,0.6315,0.5,0,normal,no
188,00:29:25.000,00:29:29.233,4.233,怎样啦 / -干嘛这样啦 / -给我,S01E08_0188_00-29-28.810.jpg,00-29-28.810,1.2755,6.6,0.597,1,half,yes,too_open,0.7587,0.0,3,normal,no
189,00:29:29.233,00:29:32.567,3.334,-要掉了啦 / -好啦 / 不要啦,S01E08_0189_00-29-29.900.jpg,00-29-29.900,0.9489,11.7,0.7234,0,,,,0.0,0.4444,0,normal,yes
190,00:29:34.700,00:29:36.833,2.133,不要啦,S01E08_0190_00-29-36.477.jpg,00-29-36.477,1.207,7.1,0.6782,2,open,yes,speaking,0.4977,0.0,1,normal,no
191,00:29:42.400,00:29:45.900,3.5,我的内裤好像还没干 / 我也觉得很不自在,S01E08_0191_00-29-44.500.jpg,00-29-44.500,0.9476,661.6,0.7321,0,,,,0.0,0.6667,0,normal,yes
0191a,00:29:45.900,00:29:53.733,7.833,句间无台词空窗（前接第 191 句「我的内裤好像还没干」，后接第 192 句「送你礼物」）,S01E08_0191a_00-29-46.300.jpg,00-29-46.300,0.7833,626.5,0.3096,0,,,,0.0,0.0,0,剧情延续帧,no
192,00:29:53.733,00:29:55.067,1.334,送你礼物,S01E08_0192_00-29-54.267.jpg,00-29-54.267,0.9523,177.8,0.7971,0,,,,0.0,1.0,0,normal,yes
193,00:29:58.233,00:30:02.900,4.667,臭小偷 你干嘛偷这个 / 那种烂房间要1千泰铢 / 不觉得很不爽吗,S01E08_0193_00-30-00.100.jpg,00-30-00.100,0.9767,221.4,0.9064,0,,,,0.0,0.8889,0,normal,yes
194,00:30:03.600,00:30:07.267,3.667,再加上顺便纪念我们与凯莉的蜜月,S01E08_0194_00-30-04.333.jpg,00-30-04.333,0.9786,194.3,0.5663,0,,,,0.0,0.4444,0,normal,yes
195,00:30:08.833,00:30:13.633,4.8,你好像越来越奇怪了 / 是你传染给我的好吗 / 是吗,S01E08_0195_00-30-13.153.jpg,00-30-13.153,1.2124,175.2,0.6563,1,open,no,too_open,0.3319,0.0,0,normal,no
196,00:30:14.600,00:30:20.133,5.533,总之是我送你的礼物 你要好好收着 / 你是因为懒得带在身上才给我的吧,S01E08_0196_00-30-17.367.jpg,00-30-17.367,0.9753,178.9,0.7803,0,,,,0.0,0.8889,0,normal,yes
0196a,00:30:20.133,00:32:53.767,153.634,句间无台词空窗（前接第 196 句「总之是我送你的礼物 你要好好…」，后接第 197 句「但是」）,S01E08_0196a_00-30-20.533.jpg,00-30-20.533,0.4155,129.1,0.7999,1,open,,,0.3525,0.0,0,剧情延续帧,no
0196b,00:30:20.133,00:32:53.767,153.634,句间无台词空窗（前接第 196 句「总之是我送你的礼物 你要好好…」，后接第 197 句「但是」）,S01E08_0196b_00-30-46.005.jpg,00-30-46.005,0.3034,1360.6,0.9952,0,,,,0.0,0.3448,1,剧情延续帧,no
0196c,00:30:20.133,00:32:53.767,153.634,句间无台词空窗（前接第 196 句「总之是我送你的礼物 你要好好…」，后接第 197 句「但是」）,S01E08_0196c_00-30-56.194.jpg,00-30-56.194,-0.3372,473.9,0.9793,0,,,,0.0,0.4828,2,剧情延续帧,no
197,00:32:53.767,00:32:54.967,1.2,但是,S01E08_0197_00-32-54.247.jpg,00-32-54.247,0.6376,3.6,0.4633,0,,,,0.0,1.0,2,flat,yes
198,00:32:56.400,00:32:58.667,2.267,如果我们回去又吵架怎么办,S01E08_0198_00-32-57.372.jpg,00-32-57.372,0.5375,2.5,0.5721,0,,,,0.0,1.0,1,flat,yes
199,00:32:59.567,00:33:00.800,1.233,你说什么,S01E08_0199_00-32-59.814.jpg,00-32-59.814,0.5281,9.1,0.8143,0,,,,0.0,0.5,1,normal,yes
200,00:33:02.500,00:33:04.767,2.267,我问如果我们又吵架怎么办,S01E08_0200_00-33-03.472.jpg,00-33-03.472,0.8392,9.2,0.7709,0,,,,0.0,1.0,2,normal,yes
201,00:33:06.000,00:33:07.767,1.767,那就和好啊,S01E08_0201_00-33-06.707.jpg,00-33-06.707,1.1956,11.0,0.5395,0,,,,0.0,1.0,1,normal,yes
0201a,00:33:07.767,00:33:16.333,8.566,句间无台词空窗（前接第 201 句「那就和好啊」，后接第 202 句「如果又吵架呢」）,S01E08_0201a_00-33-12.050.jpg,00-33-12.050,0.4163,10.6,0.8338,0,,,,0.0,0.8571,0,剧情延续帧,no
202,00:33:16.333,00:33:19.667,3.334,如果又吵架呢 / 就再和好,S01E08_0202_00-33-18.000.jpg,00-33-18.000,0.4574,0.7,0.6089,0,,,,0.0,0.8889,3,flat,yes
203,00:33:20.633,00:33:23.700,3.067,又吵架呢 / 就再和好,S01E08_0203_00-33-22.678.jpg,00-33-22.678,0.432,0.8,0.4499,0,,,,0.0,0.5,2,flat,yes
204,00:33:25.267,00:33:29.000,3.733,又吵架呢 / 只要和好就行了,S01E08_0204_00-33-28.253.jpg,00-33-28.253,0.5405,1.1,0.1044,0,,,,0.0,0.1111,1,flat,yes
205,00:33:30.000,00:33:35.100,5.1,又吵架呢 / 就和好啊,S01E08_0205_00-33-30.000.jpg,00-33-30.000,0.5079,0.6,0.0916,0,,,,0.0,0.0,0,flat,yes
206,00:33:35.100,00:33:36.267,1.167,就再和好,S01E08_0206_00-33-35.800.jpg,00-33-35.800,0.5457,2.7,0.3018,0,,,,0.0,0.5,0,flat,yes
207,00:33:37.267,00:33:40.400,3.133,又吵架呢 / 和好吧,S01E08_0207_00-33-39.008.jpg,00-33-39.008,0.5153,4.3,0.4979,0,,,,0.0,0.75,1,flat,yes
208,00:33:41.167,00:33:44.300,3.133,又吵架呢 / 我们就和好,S01E08_0208_00-33-42.559.jpg,00-33-42.559,0.6001,0.6,0.4601,0,,,,0.0,1.0,2,flat,yes
0208a,00:33:44.300,00:33:52.733,8.433,句间无台词空窗（前接第 208 句「又吵架呢」，后接第 209 句「我不知道那晚有没有放烟火」）,S01E08_0208a_00-33-47.562.jpg,00-33-47.562,0.6432,6.8,0.5097,0,,,,0.0,0.8571,1,剧情延续帧,no
209,00:33:52.733,00:33:56.000,3.267,我不知道那晚有没有放烟火,S01E08_0209_00-33-54.367.jpg,00-33-54.367,0.7422,3.0,0.2425,0,,,,0.0,0.8889,0,flat,yes
210,00:33:58.067,00:34:01.267,3.2,一切都在我入睡时一闪而过,S01E08_0210_00-33-59.667.jpg,00-33-59.667,1.1914,6.4,0.3824,0,,,,0.0,0.8889,0,normal,yes
211,00:34:03.667,00:34:07.767,4.1,不知从何时开始 / 一切都已经不再重要,S01E08_0211_00-34-05.307.jpg,00-34-05.307,0.6148,2.8,0.4216,0,,,,0.0,0.8889,0,flat,yes
0211a,00:34:07.767,00:34:48.100,40.333,句间无台词空窗（前接第 211 句「不知从何时开始」，后接第 212 句「哈比比」）,S01E08_0211a_00-34-12.120.jpg,00-34-12.120,0.9608,22.0,0.0375,0,,,,0.0,0.1034,0,剧情延续帧,no
0211b,00:34:07.767,00:34:48.100,40.333,句间无台词空窗（前接第 211 句「不知从何时开始」，后接第 212 句「哈比比」）,S01E08_0211b_00-34-46.382.jpg,00-34-46.382,0.6107,16.6,0.1932,0,,,,0.0,0.0,1,剧情延续帧,no
212,00:34:48.100,00:34:53.267,5.167,哈比比 / 每次看到你疲惫的脸庞,S01E08_0212_00-34-50.167.jpg,00-34-50.167,0.9162,11.0,0.4719,0,,,,0.0,0.8889,0,normal,yes
213,00:34:53.267,00:34:58.767,5.5,我总是想用尽各种方法 成为你的慰藉,S01E08_0213_00-34-54.367.jpg,00-34-54.367,0.9373,10.1,0.1699,0,,,,0.0,0.4444,0,normal,yes
214,00:35:02.700,00:35:05.867,3.167,然而我很快就发现这份情感并不是爱,S01E08_0214_00-35-03.967.jpg,00-35-03.967,1.0419,7.6,0.7367,0,,,,0.0,0.8889,0,normal,yes
215,00:35:06.567,00:35:10.200,3.633,只是同病相怜罢了,S01E08_0215_00-35-08.020.jpg,00-35-08.020,0.9647,7.3,0.8462,0,,,,0.0,0.8889,0,normal,yes
216,00:35:14.667,00:35:17.467,2.8,跟你一起在曼谷时,S01E08_0216_00-35-16.067.jpg,00-35-16.067,0.9055,945.4,0.9583,0,,,,0.0,0.8571,0,normal,yes
217,00:35:17.467,00:35:21.033,3.566,我常常思考何谓爱情,S01E08_0217_00-35-18.180.jpg,00-35-18.180,1.1566,1000.4,0.4271,0,,,,0.0,0.4444,0,normal,yes
218,00:35:23.300,00:35:25.333,2.033,也许爱情,S01E08_0218_00-35-23.978.jpg,00-35-23.978,0.9869,219.8,0.4994,0,,,,0.0,0.8,0,normal,yes
219,00:35:25.333,00:35:29.733,4.4,是不假修饰地将自己分享给对方,S01E08_0219_00-35-29.293.jpg,00-35-29.293,1.6028,226.3,0.6815,1,open,yes,closed,0.5456,0.0,0,normal,no
220,00:35:32.867,00:35:36.800,3.933,我虽然找到了 / 能让自己完全坦承的对象,S01E08_0220_00-35-35.620.jpg,00-35-35.620,1.6581,255.9,0.8562,1,open,yes,closed,0.4965,0.4444,0,normal,no
221,00:35:36.800,00:35:38.967,2.167,当时却不知道这有多珍贵,S01E08_0221_00-35-37.729.jpg,00-35-37.729,1.3043,184.7,0.4922,1,open,yes,closed,0.5131,1.0,0,normal,no
0221a,00:35:38.967,00:35:46.400,7.433,句间无台词空窗（前接第 221 句「当时却不知道这有多珍贵」，后接第 222 句「哈比比」）,S01E08_0221a_00-35-39.367.jpg,00-35-39.367,0.8454,1097.2,0.1428,0,,,,0.0,0.0,0,剧情延续帧,no
0221b,00:35:38.967,00:35:46.400,7.433,句间无台词空窗（前接第 221 句「当时却不知道这有多珍贵」，后接第 222 句「哈比比」）,S01E08_0221b_00-35-45.052.jpg,00-35-45.052,-0.0818,281.6,0.4634,0,,,,0.0,0.0,1,剧情延续帧,no
222,00:35:46.400,00:35:52.200,5.8,哈比比 / 我决定活出完完全全的自己,S01E08_0222_00-35-49.300.jpg,00-35-49.300,2.1712,200.8,0.3573,1,open,yes,closed,0.936,0.8889,1,normal,no
223,00:35:52.867,00:35:57.333,4.466,希望你也能遇到一个能让你坦然的人,S01E08_0223_00-35-56.886.jpg,00-35-56.886,1.2084,226.9,1.0,1,half,yes,closed,0.901,0.0,1,normal,no
224,00:35:58.367,00:36:03.000,4.633,我就先离开了 / 你的核武笔,S01E08_0224_00-36-00.684.jpg,00-36-00.684,1.9997,264.9,0.5845,1,half,yes,speaking,0.8987,0.8889,0,normal,no
0224a,00:36:03.000,00:36:31.300,28.3,句间无台词空窗（前接第 224 句「我就先离开了」，后接第 225 句「我以前是怎么住在这里的」）,S01E08_0224a_00-36-03.400.jpg,00-36-03.400,0.1857,190.9,0.3897,0,,,,0.0,0.0,0,剧情延续帧,no
0224b,00:36:03.000,00:36:31.300,28.3,句间无台词空窗（前接第 224 句「我就先离开了」，后接第 225 句「我以前是怎么住在这里的」）,S01E08_0224b_00-36-05.364.jpg,00-36-05.364,0.273,224.5,0.3805,0,,,,0.0,0.0741,1,剧情延续帧,no
0224c,00:36:03.000,00:36:31.300,28.3,句间无台词空窗（前接第 224 句「我就先离开了」，后接第 225 句「我以前是怎么住在这里的」）,,00-36-06.346,-0.2742,162.1,0.9478,0,,,,0.0,0.1111,2,剧情延续帧,no
225,00:36:31.300,00:36:34.600,3.3,我以前是怎么住在这里的 / 就叫你平常要打扫吧,S01E08_0225_00-36-32.950.jpg,00-36-32.950,1.2445,209.6,0.5204,0,,,,0.0,0.8889,0,normal,yes
226,00:36:38.200,00:36:39.767,1.567,这些该怎么办,S01E08_0226_00-36-39.140.jpg,00-36-39.140,1.1063,181.6,0.4992,0,,,,0.0,0.5,0,normal,yes
227,00:36:41.367,00:36:44.600,3.233,还能怎么办 全部都要丢掉 / 好,S01E08_0227_00-36-42.660.jpg,00-36-42.660,1.258,192.0,0.4888,0,,,,0.0,0.8889,0,normal,yes
0227a,00:36:44.600,00:37:02.500,17.9,句间无台词空窗（前接第 227 句「还能怎么办 全部都要丢掉」，后接第 228 句「拜托你最后用点力气吧」）,S01E08_0227a_00-36-50.029.jpg,00-36-50.029,0.9186,208.3,0.093,0,,,,0.0,0.625,0,剧情延续帧,no
0227b,00:36:44.600,00:37:02.500,17.9,句间无台词空窗（前接第 227 句「还能怎么办 全部都要丢掉」，后接第 228 句「拜托你最后用点力气吧」）,S01E08_0227b_00-36-55.059.jpg,00-36-55.059,0.5806,139.5,0.1119,0,,,,0.0,0.75,1,剧情延续帧,no
0227c,00:36:44.600,00:37:02.500,17.9,句间无台词空窗（前接第 227 句「还能怎么办 全部都要丢掉」，后接第 228 句「拜托你最后用点力气吧」）,S01E08_0227c_00-37-01.094.jpg,00-37-01.094,0.5101,130.6,0.152,0,,,,0.0,0.0,2,剧情延续帧,no
228,00:37:02.500,00:37:07.867,5.367,拜托你最后用点力气吧 / 抓好那边 / 快点啦,S01E08_0228_00-37-05.184.jpg,00-37-05.184,1.2423,141.0,0.4606,0,,,,0.0,0.8889,0,normal,yes
0228a,00:37:07.867,00:37:34.300,26.433,句间无台词空窗（前接第 228 句「拜托你最后用点力气吧」，后接第 229 句「等我一下」）,S01E08_0228a_00-37-08.267.jpg,00-37-08.267,0.8277,136.5,0.1424,0,,,,0.0,0.0,0,剧情延续帧,no
0228b,00:37:07.867,00:37:34.300,26.433,句间无台词空窗（前接第 228 句「拜托你最后用点力气吧」，后接第 229 句「等我一下」）,S01E08_0228b_00-37-22.069.jpg,00-37-22.069,0.7963,120.7,0.0346,0,,,,0.0,0.88,1,剧情延续帧,no
229,00:37:34.300,00:37:35.633,1.333,等我一下,S01E08_0229_00-37-34.833.jpg,00-37-34.833,1.182,115.6,0.6686,0,,,,0.0,1.0,0,normal,yes
0229a,00:37:35.633,00:38:18.667,43.034,句间无台词空窗（前接第 229 句「等我一下」，后接第 230 句「还是我最好了吧」）,S01E08_0229a_00-37-36.033.jpg,00-37-36.033,-0.1136,85.9,0.5346,0,,,,0.0,0.0,0,剧情延续帧,no
0229b,00:37:35.633,00:38:18.667,43.034,句间无台词空窗（前接第 229 句「等我一下」，后接第 230 句「还是我最好了吧」）,S01E08_0229b_00-37-37.441.jpg,00-37-37.441,-0.2106,55.8,0.5427,0,,,,0.0,0.0345,1,剧情延续帧,no
0229c,00:37:35.633,00:38:18.667,43.034,句间无台词空窗（前接第 229 句「等我一下」，后接第 230 句「还是我最好了吧」）,S01E08_0229c_00-37-40.256.jpg,00-37-40.256,-0.0098,21.4,0.1069,0,,,,0.0,0.1034,2,剧情延续帧,no
230,00:38:18.667,00:38:24.267,5.6,还是我最好了吧 / 还是恩秀最好了 / 真会说话 你要请我吃什么,S01E08_0230_00-38-21.467.jpg,00-38-21.467,0.9351,106.0,0.9658,0,,,,0.0,0.8889,0,normal,yes
231,00:38:24.267,00:38:26.333,2.066,冰淇淋怎么样 / 可恶,S01E08_0231_00-38-25.644.jpg,00-38-25.644,0.9218,8.0,0.6319,0,,,,0.0,0.4,0,normal,yes
232,00:38:26.833,00:38:28.300,1.467,好痛,S01E08_0232_00-38-27.420.jpg,00-38-27.420,1.0911,10.8,0.7246,0,,,,0.0,1.0,0,normal,yes
233,00:38:29.333,00:38:30.800,1.467,你说什么,S01E08_0233_00-38-30.507.jpg,00-38-30.507,0.8408,30.4,0.656,0,,,,0.0,0.0,0,normal,yes
0233a,00:38:30.800,00:38:38.967,8.167,句间无台词空窗（前接第 233 句「你说什么」，后接第 234 句「小心脚」）,S01E08_0233a_00-38-31.200.jpg,00-38-31.200,0.341,32.4,0.9415,0,,,,0.0,0.0,0,剧情延续帧,no
0233b,00:38:30.800,00:38:38.967,8.167,句间无台词空窗（前接第 233 句「你说什么」，后接第 234 句「小心脚」）,S01E08_0233b_00-38-33.305.jpg,00-38-33.305,-0.3005,12.0,0.9592,0,,,,0.0,0.6667,1,剧情延续帧,no
0233c,00:38:30.800,00:38:38.967,8.167,句间无台词空窗（前接第 233 句「你说什么」，后接第 234 句「小心脚」）,S01E08_0233c_00-38-36.462.jpg,00-38-36.462,-0.1642,5.6,0.4806,0,,,,0.0,0.3333,2,剧情延续帧,no
234,00:38:38.967,00:38:40.000,1.033,小心脚,S01E08_0234_00-38-39.380.jpg,00-38-39.380,0.8828,11.0,0.9351,0,,,,0.0,1.0,0,normal,yes
235,00:38:42.500,00:38:43.867,1.367,OK,S01E08_0235_00-38-43.047.jpg,00-38-43.047,0.9968,48.3,0.9048,0,,,,0.0,1.0,0,normal,yes
0235a,00:38:43.867,00:39:39.300,55.433,句间无台词空窗（前接第 235 句「OK」，后接第 236 句「好 出发咯」）,S01E08_0235a_00-38-44.267.jpg,00-38-44.267,-0.3442,120.4,0.8367,0,,,,0.0,0.0,0,剧情延续帧,no
0235b,00:38:43.867,00:39:39.300,55.433,句间无台词空窗（前接第 235 句「OK」，后接第 236 句「好 出发咯」）,S01E08_0235b_00-38-47.909.jpg,00-38-47.909,-0.3502,174.4,1.0,0,,,,0.0,0.069,1,剧情延续帧,no
0235c,00:38:43.867,00:39:39.300,55.433,句间无台词空窗（前接第 235 句「OK」，后接第 236 句「好 出发咯」）,S01E08_0235c_00-38-51.551.jpg,00-38-51.551,0.8183,415.2,0.0203,0,,,,0.0,0.2759,2,剧情延续帧,no
236,00:39:39.300,00:39:41.700,2.4,好 出发咯,S01E08_0236_00-39-40.329.jpg,00-39-40.329,1.2841,36.5,0.0197,0,,,,0.0,1.0,1,normal,yes
0236a,00:39:41.700,00:40:11.233,29.533,句间无台词空窗（前接第 236 句「好 出发咯」，后接第 237 句「东西都丢掉了 所以没东西要搬…」）,S01E08_0236a_00-39-42.100.jpg,00-39-42.100,-0.5166,43.8,1.0,0,,,,0.0,0.0,0,剧情延续帧,no
0236b,00:39:41.700,00:40:11.233,29.533,句间无台词空窗（前接第 236 句「好 出发咯」，后接第 237 句「东西都丢掉了 所以没东西要搬…」）,S01E08_0236b_00-39-44.082.jpg,00-39-44.082,0.1967,58.2,0.0672,0,,,,0.0,0.0714,1,剧情延续帧,no
0236c,00:39:41.700,00:40:11.233,29.533,句间无台词空窗（前接第 236 句「好 出发咯」，后接第 237 句「东西都丢掉了 所以没东西要搬…」）,S01E08_0236c_00-39-58.943.jpg,00-39-58.943,0.8791,238.6,0.1727,0,,,,0.0,0.7857,2,剧情延续帧,no
237,00:40:11.233,00:40:13.433,2.2,东西都丢掉了 所以没东西要搬呢,S01E08_0237_00-40-12.176.jpg,00-40-12.176,1.1311,115.5,0.6803,0,,,,0.0,1.0,0,normal,yes
238,00:40:14.367,00:40:15.800,1.433,就是啊,S01E08_0238_00-40-14.940.jpg,00-40-14.940,0.8467,150.6,0.9056,0,,,,0.0,1.0,0,normal,yes
0238a,00:40:15.800,00:40:23.367,7.567,句间无台词空窗（前接第 238 句「就是啊」，后接第 239 句「你只从你妈妈家拿了这个来吗」）,S01E08_0238a_00-40-16.200.jpg,00-40-16.200,0.8132,180.6,0.227,0,,,,0.0,0.0,0,剧情延续帧,no
0238b,00:40:15.800,00:40:23.367,7.567,句间无台词空窗（前接第 238 句「就是啊」，后接第 239 句「你只从你妈妈家拿了这个来吗」）,S01E08_0238b_00-40-20.067.jpg,00-40-20.067,0.7493,86.6,0.8225,1,half,,,0.5921,0.6667,1,剧情延续帧,no
239,00:40:23.367,00:40:28.733,5.366,你只从你妈妈家拿了这个来吗 / 她的品味跟我不同 / 根本没有我想拿的东西,S01E08_0239_00-40-23.367.jpg,00-40-23.367,1.1236,118.9,0.252,0,,,,0.0,0.0,0,normal,yes
240,00:40:29.600,00:40:34.033,4.433,那就把买东西当生活乐趣吧 / 好 这想法不错,S01E08_0240_00-40-33.590.jpg,00-40-33.590,1.7613,108.8,0.2895,1,open,yes,speaking,0.6041,0.0,0,normal,no
241,00:40:35.200,00:40:36.933,1.733,其他人什么时候会来,S01E08_0241_00-40-35.893.jpg,00-40-35.893,1.0131,104.2,0.7518,0,,,,0.0,1.0,0,normal,yes
242,00:40:39.033,00:40:40.933,1.9,他们两个都在路上了,S01E08_0242_00-40-39.983.jpg,00-40-39.983,1.2728,80.8,0.866,1,half,yes,speaking,0.5628,0.8,0,normal,no
0242a,00:40:40.933,00:41:01.333,20.4,句间无台词空窗（前接第 242 句「他们两个都在路上了」，后接第 243 句「伯母真的好了不起」）,S01E08_0242a_00-40-41.333.jpg,00-40-41.333,0.1623,177.0,0.822,0,,,,0.0,0.0,0,剧情延续帧,no
0242b,00:40:40.933,00:41:01.333,20.4,句间无台词空窗（前接第 242 句「他们两个都在路上了」，后接第 243 句「伯母真的好了不起」）,S01E08_0242b_00-40-42.313.jpg,00-40-42.313,0.3,240.0,1.0,0,,,,0.0,0.0526,1,剧情延续帧,no
0242c,00:40:40.933,00:41:01.333,20.4,句间无台词空窗（前接第 242 句「他们两个都在路上了」，后接第 243 句「伯母真的好了不起」）,S01E08_0242c_00-40-44.273.jpg,00-40-44.273,0.1546,185.0,0.8805,0,,,,0.0,0.3158,2,剧情延续帧,no
243,00:41:01.333,00:41:06.333,5.0,伯母真的好了不起 / 她到底得了几个卓越贡献奖,S01E08_0243_00-41-03.833.jpg,00-41-03.833,1.4599,296.4,0.1484,0,,,,0.0,0.8889,1,normal,yes
244,00:41:09.133,00:41:10.533,1.4,要不要喝酒,S01E08_0244_00-41-09.693.jpg,00-41-09.693,1.5943,317.7,0.0444,0,,,,0.0,1.0,0,normal,yes
245,00:41:11.500,00:41:16.200,4.7,那么… / 喝红酒如何 / 那也要烤一堆肉来吃吧,S01E08_0245_00-41-14.320.jpg,00-41-14.320,1.1706,309.0,0.073,0,,,,0.0,0.6667,1,normal,yes
246,00:41:16.200,00:41:20.667,4.467,不错耶 / 那我们去顶楼吃吧 / 顶楼的门没锁吗,S01E08_0246_00-41-18.434.jpg,00-41-18.434,1.2077,312.0,0.5744,0,,,,0.0,0.8889,0,normal,yes
247,00:41:22.967,00:41:24.267,1.3,应该吧,S01E08_0247_00-41-23.487.jpg,00-41-23.487,1.6341,310.0,0.0227,0,,,,0.0,1.0,0,normal,yes
248,00:41:25.100,00:41:29.300,4.2,话说回来 / 听说今天晚上有烟火秀耶 / 真的吗,S01E08_0248_00-41-28.460.jpg,00-41-28.460,1.6308,228.3,0.1517,1,open,no,too_open,0.7927,0.1111,1,normal,no
249,00:41:29.300,00:41:32.833,3.533,对 / 赞啦,S01E08_0249_00-41-29.300.jpg,00-41-29.300,0.9509,217.2,0.3297,0,,,,0.0,0.0,0,normal,yes
250,00:41:34.933,00:41:39.167,4.234,既然大家都举杯了 / 敬我们的公主聚会,S01E08_0250_00-41-36.627.jpg,00-41-36.627,1.5142,250.9,0.0928,0,,,,0.0,0.8889,0,normal,yes
251,00:41:39.167,00:41:41.333,2.166,-公主 / -公主,S01E08_0251_00-41-39.889.jpg,00-41-39.889,1.0502,118.3,0.646,0,,,,0.0,0.8,0,normal,yes
252,00:41:44.167,00:41:49.433,5.266,完美 / 太赞了 / 真的超他妈漂亮呢,S01E08_0252_00-41-46.800.jpg,00-41-46.800,1.0964,33.5,0.7353,0,,,,0.0,0.8889,1,normal,yes
253,00:41:49.433,00:41:55.167,5.734,这种地方应该跟恋人一起来吧 / 吃大蒜也没地方用,S01E08_0253_00-41-51.727.jpg,00-41-51.727,1.8627,17.9,0.6849,1,open,yes,speaking,0.8286,0.8889,0,normal,no
254,00:41:56.700,00:42:00.133,3.433,喂 / 话说我们四个都单身呢,S01E08_0254_00-41-58.416.jpg,00-41-58.416,2.0288,21.6,0.6218,1,open,yes,speaking,0.6721,0.8889,0,normal,no
255,00:42:05.433,00:42:09.033,3.6,怎么了 / 真的耶,S01E08_0255_00-42-08.673.jpg,00-42-08.673,1.7663,20.1,0.3681,1,open,yes,speaking,0.7967,0.0,0,normal,no
256,00:42:09.033,00:42:13.767,4.734,-真的耶 / -呆秀 / 没关系啦 干嘛这样,S01E08_0256_00-42-09.506.jpg,00-42-09.506,1.5668,28.6,0.9262,1,open,yes,closed,0.7594,0.1111,0,normal,no
257,00:42:13.767,00:42:14.600,0.833,吃肉…,S01E08_0257_00-42-14.100.jpg,00-42-14.100,1.0503,12.9,0.8578,1,half,yes,speaking,0.6557,1.0,0,normal,no
258,00:42:16.067,00:42:21.067,5.0,好好吃 / 不过这是我们十年来第一次这样吧 / 我只有你们了 知道吧,S01E08_0258_00-42-17.567.jpg,00-42-17.567,1.7537,14.4,0.4769,1,open,yes,speaking,0.7273,0.6667,0,normal,no
259,00:42:21.067,00:42:23.400,2.333,亲爱的 / 你也过来,S01E08_0259_00-42-21.400.jpg,00-42-21.400,1.2271,21.1,0.5829,1,half,yes,speaking,0.6376,0.3333,0,normal,no
260,00:42:24.700,00:42:28.333,3.633,喂 都把手机拿出来 / 谁敢跟男人联络 就等着被砍断手腕,S01E08_0260_00-42-26.153.jpg,00-42-26.153,1.217,27.7,0.4414,0,,,,0.0,0.8889,0,normal,yes
261,00:42:28.333,00:42:32.333,4.0,手机在哪 快拿出来 / 那臭婊子有,S01E08_0261_00-42-30.733.jpg,00-42-30.733,1.867,10.9,0.4377,1,open,yes,closed,0.5517,0.6667,0,normal,no
262,00:42:32.333,00:42:33.500,1.167,-你不是有吗 / -唉唷,S01E08_0262_00-42-32.800.jpg,00-42-32.800,1.4417,12.6,0.7436,1,half,yes,speaking,0.5618,1.0,0,normal,no
263,00:42:33.500,00:42:34.667,1.167,-这次是谁 / -没什么啦,S01E08_0263_00-42-33.967.jpg,00-42-33.967,1.3694,16.1,0.3241,0,,,,0.0,1.0,0,normal,yes
264,00:42:34.667,00:42:37.067,2.4,-看看这家伙 / -超可疑的 / 真的没有啦,S01E08_0264_00-42-36.381.jpg,00-42-36.381,1.5751,18.9,0.6756,1,open,yes,speaking,0.5972,0.3333,0,normal,no
265,00:42:37.067,00:42:40.667,3.6,-这家伙是怎么了 / -真的没有… / 等一下,S01E08_0265_00-42-40.307.jpg,00-42-40.307,1.2874,19.3,0.5436,1,half,yes,too_open,0.8869,0.0,1,normal,no
266,00:42:42.700,00:42:48.133,5.433,放烟火了,S01E08_0266_00-42-42.700.jpg,00-42-42.700,0.9123,16.3,0.4142,0,,,,0.0,0.0,0,normal,yes
267,00:42:49.200,00:42:51.367,2.167,所以到底是谁 快说,S01E08_0267_00-42-49.819.jpg,00-42-49.819,0.8169,14.7,0.8807,0,,,,0.0,0.6667,0,normal,yes
268,00:42:52.533,00:42:56.833,4.3,丢过来… / 我将过去的恋爱史写成了小说,S01E08_0268_00-42-54.253.jpg,00-42-54.253,0.7953,8.9,1.0,0,,,,0.0,0.8889,0,normal,yes
269,00:42:56.833,00:42:59.067,2.234,保存成完整的爱情,S01E08_0269_00-42-57.790.jpg,00-42-57.790,0.9686,7.7,0.5459,0,,,,0.0,1.0,0,normal,yes
270,00:43:00.400,00:43:05.000,4.6,然而我在现实中的恋爱 / 全都以失败告终,S01E08_0270_00-43-02.240.jpg,00-43-02.240,0.8717,8.0,0.5312,0,,,,0.0,0.8889,0,normal,yes
271,00:43:06.367,00:43:09.033,2.666,虽然我们想透过写下失败的爱情,S01E08_0271_00-43-07.700.jpg,00-43-07.700,0.7054,7.4,0.8539,0,,,,0.0,0.8571,0,normal,yes
272,00:43:09.033,00:43:12.667,3.634,理解离开彼此的原因,S01E08_0272_00-43-10.850.jpg,00-43-10.850,1.1851,6.4,0.6674,1,open,yes,speaking,0.7771,0.8889,0,normal,no
273,00:43:12.667,00:43:15.533,2.866,我透过撰写小说唯一领悟到是,S01E08_0273_00-43-12.985.jpg,00-43-12.985,0.6653,32.9,0.9294,0,,,,0.0,0.25,0,normal,yes
274,00:43:15.533,00:43:19.100,3.567,我依旧一点都不了解爱情,S01E08_0274_00-43-16.960.jpg,00-43-16.960,1.11,22.7,0.6565,0,,,,0.0,0.8889,1,normal,yes
275,00:43:21.567,00:43:26.667,5.1,喂 放手 / 你到底想干嘛 熊吉 / 你给我过来,S01E08_0275_00-43-23.097.jpg,00-43-23.097,0.8739,111.8,0.7794,0,,,,0.0,0.6667,0,normal,yes
276,00:43:28.000,00:43:29.200,1.2,走吧…,S01E08_0276_00-43-28.480.jpg,00-43-28.480,1.1207,36.7,0.6558,0,,,,0.0,1.0,0,normal,yes
277,00:43:31.533,00:43:34.200,2.667,不要弄我啦 / 小心…,S01E08_0277_00-43-32.867.jpg,00-43-32.867,0.9347,30.1,0.7829,0,,,,0.0,0.8571,0,normal,yes
0277a,00:43:34.200,00:43:40.733,6.533,句间无台词空窗（前接第 277 句「不要弄我啦」，后接第 278 句「只要在天灯上写下愿望」）,S01E08_0277a_00-43-38.422.jpg,00-43-38.422,1.3559,59.5,0.5663,2,open,,,0.6569,0.4,0,剧情延续帧,no
278,00:43:40.733,00:43:44.100,3.367,只要在天灯上写下愿望 / 我们会协助放天灯,S01E08_0278_00-43-43.427.jpg,00-43-43.427,1.4701,31.7,0.7184,1,open,yes,speaking,0.3454,0.1111,0,normal,no
279,00:43:45.367,00:43:48.800,3.433,她好像是中国人 / 中国习惯在新年的第一天,S01E08_0279_00-43-47.084.jpg,00-43-47.084,1.8633,45.2,0.7013,1,open,yes,speaking,0.5932,0.8889,0,normal,no
280,00:43:48.800,00:43:51.600,2.8,把愿望写在天灯上 并放天灯,S01E08_0280_00-43-50.200.jpg,00-43-50.200,1.7598,27.6,0.4478,1,open,yes,speaking,0.4184,0.8571,0,normal,no
0280a,00:43:51.600,00:43:59.900,8.3,句间无台词空窗（前接第 280 句「把愿望写在天灯上 并放天灯」，后接第 281 句「我们也来写吧」）,S01E08_0280a_00-43-57.625.jpg,00-43-57.625,1.4043,52.5,0.4281,1,open,,,0.6092,0.2857,0,剧情延续帧,no
281,00:43:59.900,00:44:01.367,1.467,我们也来写吧,S01E08_0281_00-44-00.487.jpg,00-44-00.487,1.0021,40.9,0.7976,0,,,,0.0,1.0,0,normal,yes
0281a,00:44:01.367,00:44:22.900,21.533,句间无台词空窗（前接第 281 句「我们也来写吧」，后接第 282 句「(Cayenne保时捷)」）,S01E08_0281a_00-44-10.653.jpg,00-44-10.653,2.1141,19.4,0.3649,2,half,,,0.7085,0.9,0,剧情延续帧,no
282,00:44:22.900,00:44:30.467,7.567,(Cayenne保时捷),S01E08_0282_00-44-25.927.jpg,00-44-25.927,0.8606,9.4,0.6725,0,,,,0.0,0.8889,0,normal,yes
0282a,00:44:30.467,00:44:40.633,10.166,句间无台词空窗（前接第 282 句「(Cayenne保时捷)」，后接第 283 句「放天灯吧」）,S01E08_0282a_00-44-30.867.jpg,00-44-30.867,0.3,16.7,1.0,0,,,,0.0,0.0,0,剧情延续帧,no
0282b,00:44:30.467,00:44:40.633,10.166,句间无台词空窗（前接第 282 句「(Cayenne保时捷)」，后接第 283 句「放天灯吧」）,S01E08_0282b_00-44-39.192.jpg,00-44-39.192,2.0206,12.6,0.259,1,half,,,0.811,0.0,1,剧情延续帧,no
283,00:44:40.633,00:44:42.133,1.5,放天灯吧,S01E08_0283_00-44-40.633.jpg,00-44-40.633,1.6773,12.0,0.2419,1,open,yes,closed,0.7898,0.0,0,normal,no
284,00:44:43.200,00:44:45.833,2.633,-慢慢来 / -好 / 小心,S01E08_0284_00-44-44.187.jpg,00-44-44.187,1.1345,15.5,0.6614,0,,,,0.0,0.8571,0,normal,yes
285,00:44:48.433,00:44:50.633,2.2,-一 二 三 / -二 三,S01E08_0285_00-44-49.062.jpg,00-44-49.062,1.7668,16.0,0.3273,1,half,yes,speaking,0.6567,0.6667,0,normal,no
286,00:44:52.400,00:44:55.400,3.0,哇 飞上天了 / 那是我们的,S01E08_0286_00-44-53.733.jpg,00-44-53.733,1.0736,11.8,0.0378,0,,,,0.0,1.0,1,flat,yes
287,00:44:59.033,00:45:01.367,2.334,好酷哦…,S01E08_0287_00-45-00.033.jpg,00-45-00.033,0.9764,16.7,0.8583,0,,,,0.0,1.0,0,normal,yes
288,00:45:05.133,00:45:08.733,3.6,好漂亮哦 / 真的,S01E08_0288_00-45-07.293.jpg,00-45-07.293,1.1012,10.8,0.5802,0,,,,0.0,0.6667,0,normal,yes
0288a,00:45:08.733,00:45:24.767,16.034,句间无台词空窗（前接第 288 句「好漂亮哦」，后接第 289 句「-好像要掉下来了」）,S01E08_0288a_00-45-09.133.jpg,00-45-09.133,-0.0917,11.2,1.0,0,,,,0.0,0.0,0,剧情延续帧,no
0288b,00:45:08.733,00:45:24.767,16.034,句间无台词空窗（前接第 288 句「好漂亮哦」，后接第 289 句「-好像要掉下来了」）,S01E08_0288b_00-45-11.164.jpg,00-45-11.164,2.0647,14.6,0.2742,2,half,,,0.8426,0.2857,1,剧情延续帧,no
0288c,00:45:08.733,00:45:24.767,16.034,句间无台词空窗（前接第 288 句「好漂亮哦」，后接第 289 句「-好像要掉下来了」）,S01E08_0288c_00-45-23.351.jpg,00-45-23.351,0.9521,17.9,0.0299,0,,,,0.0,0.0,2,剧情延续帧,no
289,00:45:24.767,00:45:28.500,3.733,-好像要掉下来了 / -等一下 / 那不是我们的天灯吗,S01E08_0289_00-45-26.633.jpg,00-45-26.633,1.3902,16.9,0.1593,0,,,,0.0,0.8889,0,normal,yes
290,00:45:28.500,00:45:33.467,4.967,掉下来了… / 怎么办 我们的烧起来了,S01E08_0290_00-45-29.493.jpg,00-45-29.493,1.0338,15.6,0.5523,0,,,,0.0,0.4444,0,normal,yes
291,00:45:35.733,00:45:38.033,2.3,天灯好像破洞了,S01E08_0291_00-45-36.719.jpg,00-45-36.719,1.2418,12.8,0.4195,0,,,,0.0,1.0,0,normal,yes
292,00:45:41.167,00:45:43.833,2.666,怎么办 / 没关系…,S01E08_0292_00-45-42.167.jpg,00-45-42.167,1.0864,21.2,0.6429,0,,,,0.0,0.8571,0,normal,yes
0292a,00:45:43.833,00:45:58.933,15.1,句间无台词空窗（前接第 292 句「怎么办」，后接第 293 句「我修改了好几次天灯上的字句」）,S01E08_0292a_00-45-44.233.jpg,00-45-44.233,-0.2186,21.2,0.9586,0,,,,0.0,0.0,0,剧情延续帧,no
0292b,00:45:43.833,00:45:58.933,15.1,句间无台词空窗（前接第 292 句「怎么办」，后接第 293 句「我修改了好几次天灯上的字句」）,S01E08_0292b_00-45-46.276.jpg,00-45-46.276,0.3537,17.2,0.0193,0,,,,0.0,0.3077,1,剧情延续帧,no
0292c,00:45:43.833,00:45:58.933,15.1,句间无台词空窗（前接第 292 句「怎么办」，后接第 293 句「我修改了好几次天灯上的字句」）,S01E08_0292c_00-45-56.490.jpg,00-45-56.490,1.1445,34.1,0.8076,1,half,,,0.6713,0.0769,2,剧情延续帧,no
293,00:45:58.933,00:46:03.067,4.134,我修改了好几次天灯上的字句 / (Cayenne保时捷 / 乐透中头奖),S01E08_0293_00-46-00.587.jpg,00-46-00.587,2.1658,25.8,0.4395,1,open,yes,speaking,0.9266,0.8889,0,normal,no
294,00:46:03.067,00:46:06.933,3.866,但总觉得那不是真正的愿望 / 所以都被我划掉了,S01E08_0294_00-46-05.000.jpg,00-46-05.000,1.7924,17.7,0.9284,1,open,yes,speaking,0.7539,0.8889,0,normal,no
295,00:46:08.033,00:46:13.533,5.5,也许天灯就是这样 才被弄破的 / (圭浩),S01E08_0295_00-46-10.233.jpg,00-46-10.233,1.2828,20.1,0.3262,0,,,,0.0,0.8889,0,normal,yes
0295a,00:46:13.533,00:46:19.933,6.4,句间无台词空窗（前接第 295 句「也许天灯就是这样 才被弄破的」，后接第 296 句「走吧」）,S01E08_0295a_00-46-13.933.jpg,00-46-13.933,-0.4275,12.9,1.0,0,,,,0.0,0.0,0,剧情延续帧,no
0295b,00:46:13.533,00:46:19.933,6.4,句间无台词空窗（前接第 295 句「也许天灯就是这样 才被弄破的」，后接第 296 句「走吧」）,S01E08_0295b_00-46-15.800.jpg,00-46-15.800,1.8504,29.8,0.3988,1,open,,,0.9073,0.8,1,剧情延续帧,no
0295c,00:46:13.533,00:46:19.933,6.4,句间无台词空窗（前接第 295 句「也许天灯就是这样 才被弄破的」，后接第 296 句「走吧」）,S01E08_0295c_00-46-18.600.jpg,00-46-18.600,2.3243,46.0,0.204,1,open,,,0.897,0.0,2,剧情延续帧,no
296,00:46:19.933,00:46:21.400,1.467,走吧,S01E08_0296_00-46-19.933.jpg,00-46-19.933,1.7957,43.2,0.3813,1,open,yes,speaking,0.9802,0.0,0,normal,no
297,00:46:24.367,00:46:27.867,3.5,也许我最后留在天灯上的两个字,S01E08_0297_00-46-26.117.jpg,00-46-26.117,1.1185,29.4,0.4113,0,,,,0.0,0.8889,0,normal,yes
298,00:46:28.767,00:46:32.867,4.1,就是爱情 / 是我唯一的愿望,S01E08_0298_00-46-31.637.jpg,00-46-31.637,1.5089,8.6,0.6656,1,half,yes,speaking,0.8889,0.4444,0,normal,no
0298a,00:46:32.867,00:49:47.451,194.584,片尾无台词空窗（前接第 298 句「就是爱情」）,S01E08_0298a_00-46-33.267.jpg,00-46-33.267,-0.3273,23.1,0.4711,0,,,,0.0,0.0,0,剧情延续帧,no
0298b,00:46:32.867,00:49:47.451,194.584,片尾无台词空窗（前接第 298 句「就是爱情」）,S01E08_0298b_00-46-39.726.jpg,00-46-39.726,-0.4412,7.0,0.6313,0,,,,0.0,0.0345,1,剧情延续帧,no
0298c,00:46:32.867,00:49:47.451,194.584,片尾无台词空窗（前接第 298 句「就是爱情」）,S01E08_0298c_00-46-46.186.jpg,00-46-46.186,-0.3266,402.7,0.5277,0,,,,0.0,0.069,2,剧情延续帧,no
