recommendation,seq,filename,gap_start,gap_end,gap_duration,frame_tc,sharpness,frame_type,face_count,eye_state,prev_dialogue,next_dialogue,flags
delete,0067b,S01E05_0067b_00-07-55.855.jpg,00:07:46.400,00:07:58.267,11.867,00-07-55.855,30.3,剧情延续帧,0,,去吧,68: 请问要什么,模糊(Lap<30) / 同空窗近重复(1.0s) / (软)无脸
delete,0067c,S01E05_0067c_00-07-56.861.jpg,00:07:46.400,00:07:58.267,11.867,00-07-56.861,73.6,剧情延续帧,0,,去吧,68: 请问要什么,模糊(Lap<30) / 同空窗近重复(1.0s) / (软)无脸
delete,0076b,S01E05_0076b_00-09-07.080.jpg,00:09:05.667,00:09:31.800,26.133,00-09-07.080,100.6,剧情延续帧,0,,你还好吗,77: 血的味道,模糊(Lap<30) / 同空窗近重复(1.0s) / (软)无脸
delete,0076c,S01E05_0076c_00-09-08.094.jpg,00:09:05.667,00:09:31.800,26.133,00-09-08.094,28.8,剧情延续帧,1,open,你还好吗,77: 血的味道,模糊(Lap<30) / 同空窗近重复(1.0s)
delete,0199b,S01E05_0199b_00-24-10.784.jpg,00:24:09.367,00:24:30.500,21.133,00-24-10.784,112.3,剧情延续帧,0,,(恩秀:我今天是夜间航班),200: 你也吓太大一跳了吧,模糊(Lap<30) / 同空窗近重复(1.0s) / (软)无脸
delete,0199c,S01E05_0199c_00-24-11.800.jpg,00:24:09.367,00:24:30.500,21.133,00-24-11.800,5.5,剧情延续帧,0,,(恩秀:我今天是夜间航班),200: 你也吓太大一跳了吧,模糊(Lap<30) / 同空窗近重复(1.0s) / (软)无脸 / (软)镜头模糊
review,0008c,S01E05_0008c_00-01-29.482.jpg,00:01:07.133,00:01:46.667,39.534,00-01-29.482,72.4,剧情延续帧,1,closed,阿们,9: 你抹了发蜡吗,模糊(Lap<30)
review,0021b,S01E05_0021b_00-03-06.600.jpg,00:03:02.100,00:03:23.400,21.3,00-03-06.600,64.6,剧情延续帧,0,,就是说啊,22: 已经到首尔了,模糊(Lap<30) / (软)无脸
review,0021c,S01E05_0021c_00-03-13.775.jpg,00:03:02.100,00:03:23.400,21.3,00-03-13.775,29.8,剧情延续帧,1,open,就是说啊,22: 已经到首尔了,模糊(Lap<30)
review,0037b,S01E05_0037b_00-04-41.367.jpg,00:04:36.967,00:04:43.767,6.8,00-04-41.367,515.3,剧情延续帧,0,,好 回去休息一下吧,38: 他真的没关系吗,同空窗近重复(1.0s) / (软)无脸
review,0037c,S01E05_0037c_00-04-42.367.jpg,00:04:36.967,00:04:43.767,6.8,00-04-42.367,748.2,剧情延续帧,0,,好 回去休息一下吧,38: 他真的没关系吗,同空窗近重复(1.0s) / (软)无脸
review,0050b,S01E05_0050b_00-06-06.480.jpg,00:05:31.933,00:06:12.133,40.2,00-06-06.480,22.0,剧情延续帧,1,half,(死亡证明书 高煐 儿子),51: 恩秀 你现在能出来吗,模糊(Lap<30)
review,0059b,S01E05_0059b_00-06-56.133.jpg,00:06:53.600,00:06:59.733,6.133,00-06-56.133,66.7,剧情延续帧,1,closed,让我来 这样不就好了,60: 如何 这样就像手帕了吧,模糊(Lap<30)
review,0064b,S01E05_0064b_00-07-32.408.jpg,00:07:24.333,00:07:33.767,9.434,00-07-32.408,54.4,剧情延续帧,1,closed,今天不醉不归,65: -换你了,模糊(Lap<30)
review,0068b,S01E05_0068b_00-08-03.798.jpg,00:08:01.433,00:08:24.833,23.4,00-08-03.798,47.1,剧情延续帧,1,closed,请问要什么,69: 谢谢,模糊(Lap<30)
review,0068c,S01E05_0068c_00-08-05.763.jpg,00:08:01.433,00:08:24.833,23.4,00-08-05.763,69.7,剧情延续帧,1,open,请问要什么,69: 谢谢,模糊(Lap<30)
review,0084b,S01E05_0084b_00-10-20.007.jpg,00:10:13.767,00:10:29.167,15.4,00-10-20.007,227.1,剧情延续帧,0,,阿煐 你的外套也拿了,85: 我当下只是很担心,模糊(Lap<30) / (软)无脸
review,0108b,S01E05_0108b_00-12-35.561.jpg,00:12:34.200,00:12:46.533,12.333,00-12-35.561,80.3,剧情延续帧,0,,你结束后再来吧,109: 可恶,模糊(Lap<30) / (软)无脸
review,0108c,S01E05_0108c_00-12-40.366.jpg,00:12:34.200,00:12:46.533,12.333,00-12-40.366,58.9,剧情延续帧,1,closed,你结束后再来吧,109: 可恶,模糊(Lap<30)
review,0109b,S01E05_0109b_00-12-57.857.jpg,00:12:48.067,00:12:59.300,11.233,00-12-57.857,138.6,剧情延续帧,1,open,可恶,110: 咦,模糊(Lap<30)
review,0123b,S01E05_0123b_00-15-10.628.jpg,00:14:54.933,00:15:13.067,18.134,00-15-10.628,23.2,剧情延续帧,1,half,我们去喝杯酒吧,124: 眼睛怪怪的哦,模糊(Lap<30)
review,0155b,S01E05_0155b_00-18-50.417.jpg,00:18:19.567,00:18:51.867,32.3,00-18-50.417,149.2,剧情延续帧,0,,你就躺着休息一下再走吧,156: 你有好多书哦,模糊(Lap<30) / (软)无脸
review,0156b,S01E05_0156b_00-19-01.537.jpg,00:18:55.600,00:19:51.767,56.167,00-19-01.537,7.1,剧情延续帧,1,open,你有好多书哦,157: (国家情报院),模糊(Lap<30) / (软)镜头模糊
review,0167b,S01E05_0167b_00-21-34.890.jpg,00:21:11.667,00:21:38.267,26.6,00-21-34.890,38.3,剧情延续帧,1,closed,(调酒师 沈圭浩),168: 虽然好笑,模糊(Lap<30)
review,0172b,S01E05_0172b_00-22-04.842.jpg,00:22:02.467,00:22:11.167,8.7,00-22-04.842,87.7,剧情延续帧,0,,我还带了只纯洁的羊来,173: 谢谢,模糊(Lap<30) / (软)无脸
review,0208b,S01E05_0208b_00-25-21.418.jpg,00:25:13.200,00:25:32.567,19.367,00-25-21.418,30.8,剧情延续帧,1,open,你很会调够烈的酒嘛,209: 真好喝,模糊(Lap<30)
review,0208c,S01E05_0208c_00-25-23.372.jpg,00:25:13.200,00:25:32.567,19.367,00-25-23.372,8.7,剧情延续帧,1,half,你很会调够烈的酒嘛,209: 真好喝,模糊(Lap<30) / (软)镜头模糊
review,0211b,S01E05_0211b_00-25-55.898.jpg,00:25:42.900,00:25:57.267,14.367,00-25-55.898,43.8,剧情延续帧,1,open,-四杯吗 好,212: 真希望他能看我一眼,模糊(Lap<30)
review,0213b,S01E05_0213b_00-26-09.307.jpg,00:26:06.867,00:26:22.967,16.1,00-26-09.307,31.2,剧情延续帧,1,half,不错吗,214: -辛苦了,模糊(Lap<30)
review,0213c,S01E05_0213c_00-26-13.387.jpg,00:26:06.867,00:26:22.967,16.1,00-26-13.387,9.6,剧情延续帧,1,open,不错吗,214: -辛苦了,模糊(Lap<30) / (软)镜头模糊
review,0215b,S01E05_0215b_00-26-29.634.jpg,00:26:26.267,00:26:33.000,6.733,00-26-29.634,120.5,剧情延续帧,0,,-辛苦了,216: 先生 不好意思 我们已经打烊…,模糊(Lap<30) / (软)无脸
review,0228b,S01E05_0228b_00-27-49.007.jpg,00:27:40.067,00:28:17.467,37.4,00-27-49.007,81.4,剧情延续帧,0,,对,229: 我能不戴套吗,模糊(Lap<30) / (软)无脸
review,0228c,S01E05_0228c_00-27-56.327.jpg,00:27:40.067,00:28:17.467,37.4,00-27-56.327,20.4,剧情延续帧,1,open,对,229: 我能不戴套吗,模糊(Lap<30)
review,0273b,S01E05_0273b_00-33-02.360.jpg,00:32:58.000,00:33:08.700,10.7,00-33-02.360,71.7,剧情延续帧,0,,你睡觉的时候一直皱着眉头,274: 真的好暗啊,模糊(Lap<30) / (软)无脸
review,0273c,S01E05_0273c_00-33-04.340.jpg,00:32:58.000,00:33:08.700,10.7,00-33-04.340,26.9,剧情延续帧,0,,你睡觉的时候一直皱着眉头,274: 真的好暗啊,模糊(Lap<30) / (软)无脸
review,0274b,S01E05_0274b_00-33-14.606.jpg,00:33:10.267,00:33:21.900,11.633,00-33-14.606,24.2,剧情延续帧,0,,真的好暗啊,275: 一 二 三 四 五,模糊(Lap<30) / (软)无脸
review,0274c,S01E05_0274c_00-33-17.561.jpg,00:33:10.267,00:33:21.900,11.633,00-33-17.561,17.8,剧情延续帧,1,open,真的好暗啊,275: 一 二 三 四 五,模糊(Lap<30) / (软)镜头模糊
review,0278b,S01E05_0278b_00-33-58.877.jpg,00:33:39.133,00:34:04.367,25.234,00-33-58.877,4.0,剧情延续帧,1,half,干嘛躲开,279: 我得去上班了,模糊(Lap<30) / (软)镜头模糊
review,0283b,S01E05_0283b_00-35-15.700.jpg,00:35:12.067,00:35:19.333,7.266,00-35-15.700,30.5,剧情延续帧,0,,阿煐,284: 你真的没事吗,模糊(Lap<30) / (软)无脸
review,0283c,S01E05_0283c_00-35-17.855.jpg,00:35:12.067,00:35:19.333,7.266,00-35-17.855,10.5,剧情延续帧,0,,阿煐,284: 你真的没事吗,模糊(Lap<30) / (软)无脸 / (软)镜头模糊
review,0305b,S01E05_0305b_00-37-18.820.jpg,00:37:09.200,00:37:25.367,16.167,00-37-18.820,138.7,剧情延续帧,0,,我想看看首尔,306: 你这个年轻人,模糊(Lap<30) / (软)无脸
review,0320b,S01E05_0320b_00-38-57.320.jpg,00:38:48.700,00:39:06.967,18.267,00-38-57.320,57.2,剧情延续帧,0,,由于当时的男友直接跑来论山帮…,321: 凯莉,模糊(Lap<30) / (软)无脸
review,0320c,S01E05_0320c_00-39-05.540.jpg,00:38:48.700,00:39:06.967,18.267,00-39-05.540,42.4,剧情延续帧,1,open,由于当时的男友直接跑来论山帮…,321: 凯莉,模糊(Lap<30)
review,0322b,S01E05_0322b_00-39-30.436.jpg,00:39:14.567,00:39:31.867,17.3,00-39-30.436,31.8,剧情延续帧,0,,她的歌不管什么时候听都很棒,323: 可以不戴套吗,模糊(Lap<30) / (软)无脸
review,0342c,S01E05_0342c_00-41-15.728.jpg,00:41:10.567,00:41:18.033,7.466,00-41-15.728,21.7,剧情延续帧,1,open,大家都知道他有这个,343: 我去个厕所,模糊(Lap<30)
review,0343b,S01E05_0343b_00-41-24.763.jpg,00:41:22.333,00:41:34.300,11.967,00-41-24.763,65.5,剧情延续帧,0,,我去个厕所,344: 听了凯莉怀尔德的歌之后,模糊(Lap<30) / (软)无脸
review,0362b,S01E05_0362b_00-43-19.595.jpg,00:43:12.900,00:43:51.467,38.567,00-43-19.595,58.1,剧情延续帧,0,,如果嫌麻烦也可以不用找我,363: 为什么你要说得好像根本没发生…,模糊(Lap<30) / (软)无脸
review,0366b,S01E05_0366b_00-44-26.500.jpg,00:44:16.100,00:44:27.900,11.8,00-44-26.500,86.4,剧情延续帧,0,,让人这么难过,367: 你知道吗,模糊(Lap<30) / (软)无脸
review,0373c,S01E05_0373c_00-45-06.311.jpg,00:44:50.700,00:47:23.607,152.907,00-45-06.311,57.7,剧情延续帧,0,,要叫你冷猫,,模糊(Lap<30) / (软)无脸
keep,0004a,S01E05_0004a_00-00-23.224.jpg,00:00:20.867,00:00:41.233,20.366,00-00-23.224,1044.1,剧情延续帧,0,,(郑灿英 到流 李贤昭),5: (大都市的爱情法),(软)无脸
keep,0004b,S01E05_0004b_00-00-33.007.jpg,00:00:20.867,00:00:41.233,20.366,00-00-33.007,796.6,剧情延续帧,0,,(郑灿英 到流 李贤昭),5: (大都市的爱情法),(软)无脸
keep,0005a,S01E05_0005a_00-00-51.463.jpg,00:00:45.100,00:00:56.833,11.733,00-00-51.463,29.9,剧情延续帧,0,,(大都市的爱情法),6: 在遗属及现场亲友陪伴下,模糊(Lap<30) / (软)无脸
keep,0008a,S01E05_0008a_00-01-07.533.jpg,00:01:07.133,00:01:46.667,39.534,00-01-07.533,400.9,剧情延续帧,0,,阿们,9: 你抹了发蜡吗,(软)无脸 / (软)贴近空窗起点
keep,0008b,S01E05_0008b_00-01-19.153.jpg,00:01:07.133,00:01:46.667,39.534,00-01-19.153,259.3,剧情延续帧,0,,阿们,9: 你抹了发蜡吗,(软)无脸
keep,0013a,S01E05_0013a_00-02-17.246.jpg,00:02:10.167,00:02:18.600,8.433,00-02-17.246,81.6,剧情延续帧,1,open,看起来像有十栋房子的女王,14: 姐妹们,模糊(Lap<30)
keep,0021a,S01E05_0021a_00-03-02.500.jpg,00:03:02.100,00:03:23.400,21.3,00-03-02.500,237.3,剧情延续帧,0,,就是说啊,22: 已经到首尔了,(软)无脸 / (软)贴近空窗起点
keep,0032a,S01E05_0032a_00-04-09.267.jpg,00:04:08.867,00:04:16.233,7.366,00-04-09.267,468.8,剧情延续帧,0,,等我打工告一段落 确实得退租…,33: 喂 阿煐要下车了,(软)无脸 / (软)贴近空窗起点
keep,0032b,S01E05_0032b_00-04-11.143.jpg,00:04:08.867,00:04:16.233,7.366,00-04-11.143,3076.7,剧情延续帧,0,,等我打工告一段落 确实得退租…,33: 喂 阿煐要下车了,(软)无脸
keep,0037a,S01E05_0037a_00-04-37.367.jpg,00:04:36.967,00:04:43.767,6.8,00-04-37.367,2750.4,剧情延续帧,0,,好 回去休息一下吧,38: 他真的没关系吗,(软)无脸 / (软)贴近空窗起点
keep,0050a,S01E05_0050a_00-05-32.333.jpg,00:05:31.933,00:06:12.133,40.2,00-05-32.333,21.5,剧情延续帧,0,,(死亡证明书 高煐 儿子),51: 恩秀 你现在能出来吗,模糊(Lap<30) / (软)无脸 / (软)贴近空窗起点
keep,0059a,S01E05_0059a_00-06-54.000.jpg,00:06:53.600,00:06:59.733,6.133,00-06-54.000,96.8,剧情延续帧,1,half,让我来 这样不就好了,60: 如何 这样就像手帕了吧,模糊(Lap<30) / (软)贴近空窗起点
keep,0064a,S01E05_0064a_00-07-26.652.jpg,00:07:24.333,00:07:33.767,9.434,00-07-26.652,89.7,剧情延续帧,0,,今天不醉不归,65: -换你了,模糊(Lap<30) / (软)无脸
keep,0067a,S01E05_0067a_00-07-47.806.jpg,00:07:46.400,00:07:58.267,11.867,00-07-47.806,51.3,剧情延续帧,1,half,去吧,68: 请问要什么,模糊(Lap<30)
keep,0068a,S01E05_0068a_00-08-01.833.jpg,00:08:01.433,00:08:24.833,23.4,00-08-01.833,57.7,剧情延续帧,1,half,请问要什么,69: 谢谢,模糊(Lap<30) / (软)贴近空窗起点
keep,0069a,S01E05_0069a_00-08-30.620.jpg,00:08:26.300,00:08:36.900,10.6,00-08-30.620,42.1,剧情延续帧,0,,谢谢,70: 有点茫了吧,模糊(Lap<30) / (软)无脸
keep,0076a,S01E05_0076a_00-09-06.067.jpg,00:09:05.667,00:09:31.800,26.133,00-09-06.067,28.0,剧情延续帧,1,closed,你还好吗,77: 血的味道,模糊(Lap<30) / 同空窗近重复(1.0s) / (软)贴近空窗起点
keep,0082a,S01E05_0082a_00-10-01.249.jpg,00:09:51.767,00:10:03.667,11.9,00-10-01.249,20.2,剧情延续帧,1,open,来 我扶你,83: (禁止未成年进入),模糊(Lap<30)
keep,0084a,S01E05_0084a_00-10-18.060.jpg,00:10:13.767,00:10:29.167,15.4,00-10-18.060,392.1,剧情延续帧,0,,阿煐 你的外套也拿了,85: 我当下只是很担心,(软)无脸
keep,0084c,S01E05_0084c_00-10-23.900.jpg,00:10:13.767,00:10:29.167,15.4,00-10-23.900,99.9,剧情延续帧,0,,阿煐 你的外套也拿了,85: 我当下只是很担心,(软)无脸
keep,0089a,S01E05_0089a_00-11-00.713.jpg,00:10:57.400,00:11:05.967,8.567,00-11-00.713,249.8,剧情延续帧,0,,请将手机及各种电子用品关机,90: 好累,模糊(Lap<30) / (软)无脸
keep,0090a,S01E05_0090a_00-11-11.600.jpg,00:11:07.467,00:11:13.867,6.4,00-11-11.600,147.6,剧情延续帧,0,,好累,91: 站着时就想坐下 坐着就又想躺…,模糊(Lap<30) / (软)无脸
keep,0108a,S01E05_0108a_00-12-34.600.jpg,00:12:34.200,00:12:46.533,12.333,00-12-34.600,116.5,剧情延续帧,0,,你结束后再来吧,109: 可恶,模糊(Lap<30) / 同空窗近重复(1.0s) / (软)无脸 / (软)贴近空窗起点
keep,0109a,S01E05_0109a_00-12-54.727.jpg,00:12:48.067,00:12:59.300,11.233,00-12-54.727,452.8,剧情延续帧,0,,可恶,110: 咦,(软)无脸
keep,0113a,S01E05_0113a_00-13-19.233.jpg,00:13:18.833,00:13:24.900,6.067,00-13-19.233,59.5,剧情延续帧,1,open,这好像是重要的东西,114: 我喝一口哦,模糊(Lap<30) / (软)贴近空窗起点
keep,0115a,S01E05_0115a_00-13-32.433.jpg,00:13:32.033,00:13:38.233,6.2,00-13-32.433,54.0,剧情延续帧,1,open,你很会偷吃耶 昨天跟今天都是,116: 昨天的事 拜托你忘了吧,模糊(Lap<30) / (软)贴近空窗起点
keep,0118a,S01E05_0118a_00-13-51.133.jpg,00:13:50.733,00:14:02.300,11.567,00-13-51.133,375.0,剧情延续帧,0,,不好意思 我们要打烊了,119: 我要往这边,(软)无脸 / (软)贴近空窗起点
keep,0121a,S01E05_0121a_00-14-16.864.jpg,00:14:11.500,00:14:26.200,14.7,00-14-16.864,206.3,剧情延续帧,0,,再见,122: 喂 慢一点啦,模糊(Lap<30) / (软)无脸
keep,0122a,S01E05_0122a_00-14-39.536.jpg,00:14:30.000,00:14:53.133,23.133,00-14-39.536,602.7,剧情延续帧,0,,喂 慢一点啦,123: 我们去喝杯酒吧,(软)无脸
keep,0123a,S01E05_0123a_00-15-01.451.jpg,00:14:54.933,00:15:13.067,18.134,00-15-01.451,59.2,剧情延续帧,1,open,我们去喝杯酒吧,124: 眼睛怪怪的哦,模糊(Lap<30)
keep,0124a,S01E05_0124a_00-15-16.093.jpg,00:15:14.633,00:15:20.733,6.1,00-15-16.093,154.7,剧情延续帧,0,,眼睛怪怪的哦,125: 这样可不行耶,模糊(Lap<30) / (软)无脸
keep,0139a,S01E05_0139a_00-16-41.692.jpg,00:16:37.267,00:16:59.200,21.933,00-16-41.692,76.2,剧情延续帧,1,closed,把食指给我吧,140: 我的手…都不像自己的手了,模糊(Lap<30)
keep,0140a,S01E05_0140a_00-17-02.667.jpg,00:17:02.267,00:17:10.633,8.366,00-17-02.667,36.6,剧情延续帧,1,open,我的手…都不像自己的手了,141: 但不只是好笑而已,模糊(Lap<30) / (软)贴近空窗起点
keep,0145a,S01E05_0145a_00-17-27.567.jpg,00:17:27.167,00:17:33.900,6.733,00-17-27.567,28.7,剧情延续帧,1,open,但也很性感,146: 要进来坐坐再走吗,模糊(Lap<30) / (软)贴近空窗起点
keep,0155a,S01E05_0155a_00-18-36.767.jpg,00:18:19.567,00:18:51.867,32.3,00-18-36.767,157.2,剧情延续帧,0,,你就躺着休息一下再走吧,156: 你有好多书哦,模糊(Lap<30) / (软)无脸
keep,0156a,S01E05_0156a_00-18-56.000.jpg,00:18:55.600,00:19:51.767,56.167,00-18-56.000,91.6,剧情延续帧,0,,你有好多书哦,157: (国家情报院),模糊(Lap<30) / (软)无脸 / (软)贴近空窗起点
keep,0156c,S01E05_0156c_00-19-07.073.jpg,00:18:55.600,00:19:51.767,56.167,00-19-07.073,233.7,剧情延续帧,1,closed,你有好多书哦,157: (国家情报院),—
keep,0161a,S01E05_0161a_00-20-18.600.jpg,00:20:13.033,00:20:20.033,7.0,00-20-18.600,247.2,剧情延续帧,1,half,嗯…,162: 真是疯了,—
keep,0163a,S01E05_0163a_00-20-27.000.jpg,00:20:26.600,00:20:35.133,8.533,00-20-27.000,792.6,剧情延续帧,0,,我先走了,164: 还没问电话号码…,(软)无脸 / (软)贴近空窗起点
keep,0163b,S01E05_0163b_00-20-30.867.jpg,00:20:26.600,00:20:35.133,8.533,00-20-30.867,294.3,剧情延续帧,0,,我先走了,164: 还没问电话号码…,(软)无脸
keep,0163c,S01E05_0163c_00-20-33.766.jpg,00:20:26.600,00:20:35.133,8.533,00-20-33.766,315.1,剧情延续帧,1,open,我先走了,164: 还没问电话号码…,—
keep,0164a,S01E05_0164a_00-20-37.267.jpg,00:20:36.867,00:20:51.433,14.566,00-20-37.267,439.5,剧情延续帧,0,,还没问电话号码…,165: (封印了十多年 而今浮上了水…,(软)无脸 / (软)贴近空窗起点
keep,0164b,S01E05_0164b_00-20-50.050.jpg,00:20:36.867,00:20:51.433,14.566,00-20-50.050,227.7,剧情延续帧,0,,还没问电话号码…,165: (封印了十多年 而今浮上了水…,(软)无脸
keep,0167a,S01E05_0167a_00-21-12.067.jpg,00:21:11.667,00:21:38.267,26.6,00-21-12.067,391.2,剧情延续帧,0,,(调酒师 沈圭浩),168: 虽然好笑,(软)无脸 / (软)贴近空窗起点
keep,0169a,S01E05_0169a_00-21-43.100.jpg,00:21:42.700,00:21:50.833,8.133,00-21-43.100,34.2,剧情延续帧,1,closed,但又很性感吗,170: -喂 万宝路夫人,模糊(Lap<30) / (软)贴近空窗起点
keep,0172a,S01E05_0172a_00-22-02.867.jpg,00:22:02.467,00:22:11.167,8.7,00-22-02.867,9.1,剧情延续帧,1,half,我还带了只纯洁的羊来,173: 谢谢,模糊(Lap<30) / (软)镜头模糊 / (软)贴近空窗起点
keep,0199a,S01E05_0199a_00-24-09.767.jpg,00:24:09.367,00:24:30.500,21.133,00-24-09.767,162.7,剧情延续帧,0,,(恩秀:我今天是夜间航班),200: 你也吓太大一跳了吧,模糊(Lap<30) / 同空窗近重复(1.0s) / (软)无脸 / (软)贴近空窗起点
keep,0208a,S01E05_0208a_00-25-18.486.jpg,00:25:13.200,00:25:32.567,19.367,00-25-18.486,414.8,剧情延续帧,0,,你很会调够烈的酒嘛,209: 真好喝,(软)无脸
keep,0211a,S01E05_0211a_00-25-50.084.jpg,00:25:42.900,00:25:57.267,14.367,00-25-50.084,56.2,剧情延续帧,1,closed,-四杯吗 好,212: 真希望他能看我一眼,模糊(Lap<30)
keep,0213a,S01E05_0213a_00-26-07.267.jpg,00:26:06.867,00:26:22.967,16.1,00-26-07.267,30.9,剧情延续帧,1,half,不错吗,214: -辛苦了,模糊(Lap<30) / (软)贴近空窗起点
keep,0215a,S01E05_0215a_00-26-26.667.jpg,00:26:26.267,00:26:33.000,6.733,00-26-26.667,19.4,剧情延续帧,0,,-辛苦了,216: 先生 不好意思 我们已经打烊…,模糊(Lap<30) / (软)无脸 / (软)镜头模糊 / (软)贴近空窗起点
keep,0219a,S01E05_0219a_00-26-58.400.jpg,00:26:51.600,00:26:59.867,8.267,00-26-58.400,18.7,剧情延续帧,1,closed,-辛苦了,220: 你待在这里做什么,模糊(Lap<30) / (软)镜头模糊
keep,0228a,S01E05_0228a_00-27-40.467.jpg,00:27:40.067,00:28:17.467,37.4,00-27-40.467,25.0,剧情延续帧,1,open,对,229: 我能不戴套吗,模糊(Lap<30) / (软)贴近空窗起点
keep,0232a,S01E05_0232a_00-28-31.000.jpg,00:28:30.600,00:29:08.300,37.7,00-28-31.000,167.8,剧情延续帧,0,,我不太习惯被插,233: 你在做什么,(软)无脸 / (软)贴近空窗起点
keep,0232b,S01E05_0232b_00-28-44.530.jpg,00:28:30.600,00:29:08.300,37.7,00-28-44.530,443.9,剧情延续帧,0,,我不太习惯被插,233: 你在做什么,(软)无脸
keep,0232c,S01E05_0232c_00-28-48.220.jpg,00:28:30.600,00:29:08.300,37.7,00-28-48.220,416.7,剧情延续帧,0,,我不太习惯被插,233: 你在做什么,(软)无脸
keep,0234a,S01E05_0234a_00-29-16.667.jpg,00:29:16.267,00:29:40.267,24.0,00-29-16.667,234.1,剧情延续帧,1,open,-我在煮饭 当作住宿费,235: 我开动咯,(软)贴近空窗起点
keep,0234b,S01E05_0234b_00-29-23.728.jpg,00:29:16.267,00:29:40.267,24.0,00-29-23.728,529.2,剧情延续帧,0,,-我在煮饭 当作住宿费,235: 我开动咯,(软)无脸
keep,0234c,S01E05_0234c_00-29-34.824.jpg,00:29:16.267,00:29:40.267,24.0,00-29-34.824,436.5,剧情延续帧,0,,-我在煮饭 当作住宿费,235: 我开动咯,(软)无脸
keep,0268a,S01E05_0268a_00-32-34.529.jpg,00:32:28.500,00:32:35.867,7.367,00-32-34.529,89.7,剧情延续帧,0,,2019年3月20日,269: 阿煐 是我,模糊(Lap<30) / (软)无脸
keep,0273a,S01E05_0273a_00-32-59.390.jpg,00:32:58.000,00:33:08.700,10.7,00-32-59.390,107.1,剧情延续帧,1,open,你睡觉的时候一直皱着眉头,274: 真的好暗啊,模糊(Lap<30)
keep,0274a,S01E05_0274a_00-33-11.652.jpg,00:33:10.267,00:33:21.900,11.633,00-33-11.652,37.5,剧情延续帧,0,,真的好暗啊,275: 一 二 三 四 五,模糊(Lap<30) / (软)无脸
keep,0278a,S01E05_0278a_00-33-39.533.jpg,00:33:39.133,00:34:04.367,25.234,00-33-39.533,19.7,剧情延续帧,1,half,干嘛躲开,279: 我得去上班了,模糊(Lap<30) / (软)镜头模糊 / (软)贴近空窗起点
keep,0280a,S01E05_0280a_00-34-16.466.jpg,00:34:11.233,00:34:17.833,6.6,00-34-16.466,172.5,剧情延续帧,0,,嗯 我今天上班前,281: 这个你不带走吗,模糊(Lap<30) / (软)无脸
keep,0282a,S01E05_0282a_00-35-09.214.jpg,00:34:26.667,00:35:11.067,44.4,00-35-09.214,328.5,剧情延续帧,0,,那你坐一下…,283: 阿煐,(软)无脸
keep,0283a,S01E05_0283a_00-35-12.467.jpg,00:35:12.067,00:35:19.333,7.266,00-35-12.467,18.8,剧情延续帧,0,,阿煐,284: 你真的没事吗,模糊(Lap<30) / (软)无脸 / (软)镜头模糊 / (软)贴近空窗起点
keep,0305a,S01E05_0305a_00-37-11.649.jpg,00:37:09.200,00:37:25.367,16.167,00-37-11.649,124.9,剧情延续帧,0,,我想看看首尔,306: 你这个年轻人,模糊(Lap<30) / (软)无脸
keep,0320a,S01E05_0320a_00-38-50.127.jpg,00:38:48.700,00:39:06.967,18.267,00-38-50.127,102.2,剧情延续帧,0,,由于当时的男友直接跑来论山帮…,321: 凯莉,模糊(Lap<30) / (软)无脸
keep,0322a,S01E05_0322a_00-39-21.155.jpg,00:39:14.567,00:39:31.867,17.3,00-39-21.155,48.7,剧情延续帧,2,closed,她的歌不管什么时候听都很棒,323: 可以不戴套吗,模糊(Lap<30)
keep,0342a,S01E05_0342a_00-41-10.967.jpg,00:41:10.567,00:41:18.033,7.466,00-41-10.967,56.2,剧情延续帧,1,open,大家都知道他有这个,343: 我去个厕所,模糊(Lap<30) / (软)贴近空窗起点
keep,0342b,S01E05_0342b_00-41-12.872.jpg,00:41:10.567,00:41:18.033,7.466,00-41-12.872,177.4,剧情延续帧,1,open,大家都知道他有这个,343: 我去个厕所,—
keep,0343a,S01E05_0343a_00-41-22.733.jpg,00:41:22.333,00:41:34.300,11.967,00-41-22.733,62.7,剧情延续帧,0,,我去个厕所,344: 听了凯莉怀尔德的歌之后,模糊(Lap<30) / (软)无脸 / (软)贴近空窗起点
keep,0346a,S01E05_0346a_00-41-51.200.jpg,00:41:46.933,00:41:53.533,6.6,00-41-51.200,138.8,剧情延续帧,0,,反正无论如何都要一起走到最后,347: 所以我身上有着凯莉,(软)无脸
keep,0362a,S01E05_0362a_00-43-13.300.jpg,00:43:12.900,00:43:51.467,38.567,00-43-13.300,22.4,剧情延续帧,1,half,如果嫌麻烦也可以不用找我,363: 为什么你要说得好像根本没发生…,模糊(Lap<30) / (软)贴近空窗起点
keep,0362c,S01E05_0362c_00-43-25.889.jpg,00:43:12.900,00:43:51.467,38.567,00-43-25.889,94.9,剧情延续帧,0,,如果嫌麻烦也可以不用找我,363: 为什么你要说得好像根本没发生…,(软)无脸
keep,0363a,S01E05_0363a_00-44-02.017.jpg,00:43:54.267,00:44:03.467,9.2,00-44-02.017,57.8,剧情延续帧,1,closed,为什么你要说得好像根本没发生…,364: 这种事根本不算什么,模糊(Lap<30)
keep,0366a,S01E05_0366a_00-44-18.500.jpg,00:44:16.100,00:44:27.900,11.8,00-44-18.500,57.9,剧情延续帧,1,open,让人这么难过,367: 你知道吗,模糊(Lap<30)
keep,0373a,S01E05_0373a_00-44-51.100.jpg,00:44:50.700,00:47:23.607,152.907,00-44-51.100,142.4,剧情延续帧,0,,要叫你冷猫,,(软)无脸 / (软)贴近空窗起点
keep,0373b,S01E05_0373b_00-45-01.240.jpg,00:44:50.700,00:47:23.607,152.907,00-45-01.240,305.0,剧情延续帧,0,,要叫你冷猫,,(软)无脸
